ID,description,prise,region,promo_price,url
3226557,Конструктор LEGO DUPLO Classic Коробка с кубиками большая 10914,2759,"['RU-MOW', 'RU-SPE']",4499,https://www.detmir.ru/product/index/id/3226557/
3193108,Конструктор LEGO Disney Frozen Волшебный ледяной замок Эльзы 43172,4219,"['RU-MOW', 'RU-SPE']",6499,https://www.detmir.ru/product/index/id/3193108/
3405647,Конструктор LEGO Technic Спасательное судно на воздушной подушке 42120,1669,"['RU-MOW', 'RU-SPE']",2799,https://www.detmir.ru/product/index/id/3405647/
3175977,Конструктор LEGO City Space Port Ракета для запуска в далекий космос и пульт управления запуском 60228,5499,"['RU-MOW', 'RU-SPE']",8999,https://www.detmir.ru/product/index/id/3175977/
3405650,Конструктор LEGO Technic Dodge Charger Доминика Торетто 42111,6139,"['RU-MOW', 'RU-SPE']",9499,https://www.detmir.ru/product/index/id/3405650/
3405586,Конструктор LEGO City Police Транспорт для перевозки преступников 60276,979,"['RU-MOW', 'RU-SPE']",1599,https://www.detmir.ru/product/index/id/3405586/
3244486,Конструктор LEGO Creator Пиратский корабль 31109,5399,"['RU-MOW', 'RU-SPE']",8999,https://www.detmir.ru/product/index/id/3244486/
3244600,Конструктор LEGO Minecraft Набор для творчества 3.0 21161,4479,"['RU-MOW', 'RU-SPE']",7499,https://www.detmir.ru/product/index/id/3244600/
3405627,Конструктор LEGO Ninjago Битва с роботом Зейна 71738,3279,"['RU-MOW', 'RU-SPE']",5399,https://www.detmir.ru/product/index/id/3405627/
619011,Конструктор LEGO Classic Набор для творчества среднего размера (10696),1549,"['RU-MOW', 'RU-SPE']",2499,https://www.detmir.ru/product/index/id/619011/
3596784,Конструктор LEGO Friends Гранд-отель Хартлейк Сити 41684,5689,"['RU-MOW', 'RU-SPE']",9499,https://www.detmir.ru/product/index/id/3596784/
3386281,Конструктор LEGO Minecraft Заброшенная шахта 21166,1099,"['RU-MOW', 'RU-SPE']",1799,https://www.detmir.ru/product/index/id/3386281/
3596780,Конструктор LEGO Friends Домик в лесу 41679,1689,"['RU-MOW', 'RU-SPE']",2599,https://www.detmir.ru/product/index/id/3596780/
3405625,Конструктор LEGO Ninjago Скорострельный истребитель Коула 71736,2289,"['RU-MOW', 'RU-SPE']",3599,https://www.detmir.ru/product/index/id/3405625/
3405587,Конструктор LEGO City Police Катер полицейского патруля 60277,2699,"['RU-MOW', 'RU-SPE']",4499,https://www.detmir.ru/product/index/id/3405587/
3226631,Конструктор LEGO Technic Мобильный кран 42108,5699,"['RU-MOW', 'RU-SPE']",9499,https://www.detmir.ru/product/index/id/3226631/
3244614,Конструктор LEGO Technic Lamborghini Sian FKP 37 42115,22449,['RU-MOW'],36799,https://www.detmir.ru/product/index/id/3244614/
3405621,Конструктор LEGO Ninjago Дракон из джунглей 71746,2339,"['RU-MOW', 'RU-SPE']",3599,https://www.detmir.ru/product/index/id/3405621/
3244472,Конструктор LEGO DUPLO Грузовик и гусеничный экскаватор 10931,989,"['RU-MOW', 'RU-SPE']",1759,https://www.detmir.ru/product/index/id/3244472/
3386280,Конструктор LEGO Minecraft Пасека 21165,1339,"['RU-MOW', 'RU-SPE']",1799,https://www.detmir.ru/product/index/id/3386280/
3244612,Конструктор LEGO Technic Самосвал Volvo 6*6 42114,13289,"['RU-MOW', 'RU-SPE']",22999,https://www.detmir.ru/product/index/id/3244612/
3226556,Конструктор LEGO DUPLO Classic Коробка с кубиками 10913,1639,"['RU-MOW', 'RU-SPE']",2599,https://www.detmir.ru/product/index/id/3226556/
3405551,Конструктор LEGO Friends Торговый центр Хартлейк Сити 41450,5779,"['RU-MOW', 'RU-SPE']",9499,https://www.detmir.ru/product/index/id/3405551/
3596765,Конструктор LEGO Minecraft Разрушенный портал 21172,1899,"['RU-MOW', 'RU-SPE']",2699,https://www.detmir.ru/product/index/id/3596765/
3596768,Конструктор LEGO Minecraft Мерзость из джунглей 21176,2349,"['RU-MOW', 'RU-SPE']",3699,https://www.detmir.ru/product/index/id/3596768/
3405637,Конструктор LEGO Minecraft 21168,1659,"['RU-MOW', 'RU-SPE']",2699,https://www.detmir.ru/product/index/id/3405637/
3226650,Конструктор LEGO City Police Погоня на полицейском вертолете 60243,1529,"['RU-MOW', 'RU-SPE']",2499,https://www.detmir.ru/product/index/id/3226650/
3405579,Конструктор LEGO My City Центр города 60292,5229,"['RU-MOW', 'RU-SPE']",8999,https://www.detmir.ru/product/index/id/3405579/
3176039,Конструктор LEGO Harry Potter Хижина Хагрида спасение Клювокрыла 75947,4099,['RU-MOW'],5499,https://www.detmir.ru/product/index/id/3176039/
3226605,Конструктор LEGO Friends Автобус для друзей 41395,3899,"['RU-MOW', 'RU-SPE']",6499,https://www.detmir.ru/product/index/id/3226605/
3150682,Конструктор LEGO Technic Porsche 911 RSR 42096,8759,"['RU-MOW', 'RU-SPE']",13999,https://www.detmir.ru/product/index/id/3150682/
3244599,Конструктор LEGO Harry Potter Астрономическая башня Хогвартса 75969,5699,"['RU-MOW', 'RU-SPE']",9499,https://www.detmir.ru/product/index/id/3244599/
3226653,Конструктор LEGO City Police Полицейский участок 60246,5239,"['RU-MOW', 'RU-SPE']",8999,https://www.detmir.ru/product/index/id/3226653/
3405540,Конструктор LEGO Creator Космический робот для горных работ 31115,1559,"['RU-MOW', 'RU-SPE']",2199,https://www.detmir.ru/product/index/id/3405540/
3142024,Конструктор LEGO DUPLO Town Пожарное депо 10903,3219,"['RU-MOW', 'RU-SPE']",4499,https://www.detmir.ru/product/index/id/3142024/
3244508,Конструктор LEGO Friends Домик для панд на дереве 41422,1589,"['RU-MOW', 'RU-SPE']",2599,https://www.detmir.ru/product/index/id/3244508/
3597033,Конструктор LEGO Harry Potter Хогвартс: пушистая встреча 76387,2349,"['RU-MOW', 'RU-SPE']",3699,https://www.detmir.ru/product/index/id/3597033/
3597032,Конструктор LEGO Harry Potter Хогвартс: ошибка с оборотным зельем 76386,1349,"['RU-MOW', 'RU-SPE']",1799,https://www.detmir.ru/product/index/id/3597032/
3244609,Конструктор LEGO MINDSTORMS EV3 Робот-изобретатель 51515,18989,['RU-MOW'],31999,https://www.detmir.ru/product/index/id/3244609/
3596764,Конструктор LEGO Minecraft Конюшня 21171,1089,"['RU-MOW', 'RU-SPE']",1799,https://www.detmir.ru/product/index/id/3596764/
3176053,Конструктор LEGO Harry Potter Автобус Ночной рыцарь 75957,2359,"['RU-MOW', 'RU-SPE']",3699,https://www.detmir.ru/product/index/id/3176053/
3226597,Конструктор LEGO Friends Роскошный отдых на природе 41392,1559,"['RU-MOW', 'RU-SPE']",2599,https://www.detmir.ru/product/index/id/3226597/
3597034,Конструктор LEGO Harry Potter Визит в деревню Хогсмид 76388,4679,"['RU-MOW', 'RU-SPE']",7499,https://www.detmir.ru/product/index/id/3597034/
3498472,Конструктор LEGO Disney Princess Райя и дракон Сису 43184,1639,"['RU-MOW', 'RU-SPE']",2599,https://www.detmir.ru/product/index/id/3498472/
3092804,Конструктор LEGO DUPLO Town Рельсы (10882),1049,"['RU-MOW', 'RU-SPE']",1799,https://www.detmir.ru/product/index/id/3092804/
3405550,Конструктор LEGO Friends Дом семьи Андреа 41449,4129,"['RU-MOW', 'RU-SPE']",6499,https://www.detmir.ru/product/index/id/3405550/
3092801,Конструктор LEGO DUPLO Town Железнодорожный мост (10872),1349,"['RU-MOW', 'RU-SPE']",2199,https://www.detmir.ru/product/index/id/3092801/
3596976,Конструктор LEGO Ninjago Спидер-амфибия ниндзя 71752,2289,"['RU-MOW', 'RU-SPE']",3599,https://www.detmir.ru/product/index/id/3596976/
3156354,Конструктор LEGO Marvel Super Heroes Лаборатория Железного человека 76125,3329,"['RU-MOW', 'RU-SPE']",5499,https://www.detmir.ru/product/index/id/3156354/
3596757,Конструктор LEGO DUPLO Town Гараж и автомойка 10948,5399,"['RU-MOW', 'RU-SPE']",8999,https://www.detmir.ru/product/index/id/3596757/
3244536,Конструктор LEGO City Городской аэропорт 60261,2869,"['RU-MOW', 'RU-SPE']",4499,https://www.detmir.ru/product/index/id/3244536/
3244547,Конструктор LEGO Minions Миньоны и дом 75551,2819,"['RU-MOW', 'RU-SPE']",4699,https://www.detmir.ru/product/index/id/3244547/
3405553,Конструктор LEGO Friends Передвижной груминг-салон для кошек 41439,529,"['RU-MOW', 'RU-SPE']",799,https://www.detmir.ru/product/index/id/3405553/
3405538,Конструктор LEGO Creator Транспортировщик гоночных автомобилей 31113,1349,"['RU-MOW', 'RU-SPE']",2199,https://www.detmir.ru/product/index/id/3405538/
3122104,Конструктор LEGO Harry Potter Гремучая ива 75953,3949,"['RU-MOW', 'RU-SPE']",6499,https://www.detmir.ru/product/index/id/3122104/
3200892,Конструктор LEGO Star Wars Episode IX Сокол Тысячелетия 75257,8159,['RU-MOW'],13499,https://www.detmir.ru/product/index/id/3200892/
3546360,Конструктор LEGO Harry Potter Хогвартс-экспресс 75955,4669,"['RU-MOW', 'RU-SPE']",7499,https://www.detmir.ru/product/index/id/3546360/
3405594,Конструктор LEGO City Great Vehicles Транспортировка самолёта на авиашоу 60289,1599,"['RU-MOW', 'RU-SPE']",2499,https://www.detmir.ru/product/index/id/3405594/
3590734,Конструктор LEGO DUPLO Town Экспедиция на шаттле 10944,959,"['RU-MOW', 'RU-SPE']",1499,https://www.detmir.ru/product/index/id/3590734/
3405554,Конструктор LEGO Friends Машина скорой ветеринарной помощи 41445,1609,"['RU-MOW', 'RU-SPE']",2599,https://www.detmir.ru/product/index/id/3405554/
3405638,Конструктор LEGO Minecraft 21169,3629,"['RU-MOW', 'RU-SPE']",5499,https://www.detmir.ru/product/index/id/3405638/
3405626,Конструктор LEGO Ninjago Ниндзя-перехватчик Х-1 71737,2679,"['RU-MOW', 'RU-SPE']",4499,https://www.detmir.ru/product/index/id/3405626/
3597020,Конструктор LEGO Ninjago Подводный Дар Судьбы 71756,8369,"['RU-MOW', 'RU-SPE']",13499,https://www.detmir.ru/product/index/id/3597020/
3188097,Конструктор LEGO Technic Экстремальный внедорожник 42099,11159,"['RU-MOW', 'RU-SPE']",19999,https://www.detmir.ru/product/index/id/3188097/
3597037,Конструктор LEGO Speed Champions Toyota GR Supra 76901,1129,"['RU-MOW', 'RU-SPE']",1799,https://www.detmir.ru/product/index/id/3597037/
3226587,Конструктор LEGO Minecraft Приключения в тайге 21162,759,"['RU-MOW', 'RU-SPE']",899,https://www.detmir.ru/product/index/id/3226587/
3596785,Конструктор LEGO Friends Американские горки на Волшебной ярмарке 41685,4999,"['RU-MOW', 'RU-SPE']",8499,https://www.detmir.ru/product/index/id/3596785/
3405649,Конструктор LEGO Technic Квадроцикл 42124,7419,"['RU-MOW', 'RU-SPE']",12499,https://www.detmir.ru/product/index/id/3405649/
3244592,Конструктор LEGO Ninjago Подземелье колдуна-скелета 71722,5399,"['RU-MOW', 'RU-SPE']",8999,https://www.detmir.ru/product/index/id/3244592/
3226644,Конструктор LEGO Disney Princess Книга приключений Анны и Эльзы 43175,1079,"['RU-MOW', 'RU-SPE']",1699,https://www.detmir.ru/product/index/id/3226644/
3405622,Конструктор LEGO Ninjago Деревня Хранителей 71747,2829,"['RU-MOW', 'RU-SPE']",4499,https://www.detmir.ru/product/index/id/3405622/
3405588,Конструктор LEGO City Great Vehicles Отпуск в доме на колесах 60283,969,"['RU-MOW', 'RU-SPE']",1499,https://www.detmir.ru/product/index/id/3405588/
3596975,Конструктор LEGO Ninjago Водный робот Ллойда 71750,1059,"['RU-MOW', 'RU-SPE']",1699,https://www.detmir.ru/product/index/id/3596975/
3596761,Конструктор LEGO DUPLO Town Самолет и аэропорт 10961,1499,"['RU-MOW', 'RU-SPE']",2499,https://www.detmir.ru/product/index/id/3596761/
3244608,Конструктор LEGO Star Wars AT-AT 75288,8339,"['RU-MOW', 'RU-SPE']",13999,https://www.detmir.ru/product/index/id/3244608/
3142077,Конструктор LEGO City Fire Пожар в бургер-кафе 60214,1669,"['RU-MOW', 'RU-SPE']",2499,https://www.detmir.ru/product/index/id/3142077/
3596977,Конструктор LEGO Ninjago Атака огненного дракона 71753,2839,"['RU-MOW', 'RU-SPE']",4499,https://www.detmir.ru/product/index/id/3596977/
3226584,Конструктор LEGO Minecraft Питомник панд 21158,1169,"['RU-MOW', 'RU-SPE']",1799,https://www.detmir.ru/product/index/id/3226584/
3226651,Конструктор LEGO City Police Полицейский вертолетный транспорт 60244,2419,"['RU-MOW', 'RU-SPE']",3799,https://www.detmir.ru/product/index/id/3226651/
3405548,Конструктор LEGO Friends Органическое кафе Хартлейк-Сити 41444,1559,"['RU-MOW', 'RU-SPE']",2599,https://www.detmir.ru/product/index/id/3405548/
3597029,Конструктор LEGO Super Heroes «Мстители: Финал» — решающая битва 76192,5099,"['RU-MOW', 'RU-SPE']",8499,https://www.detmir.ru/product/index/id/3597029/
2496001,Конструктор LEGO Creator Грозный динозавр (31058),839,"['RU-MOW', 'RU-SPE']",1399,https://www.detmir.ru/product/index/id/2496001/
3244532,Конструктор LEGO City Исследовательская подводная лодка 60264,1549,"['RU-MOW', 'RU-SPE']",2499,https://www.detmir.ru/product/index/id/3244532/
3596836,Конструктор LEGO Dots Большой набор Летнее настроение 41937,1529,"['RU-MOW', 'RU-SPE']",2599,https://www.detmir.ru/product/index/id/3596836/
3597018,Конструктор LEGO Ninjago Водный дракон 71754,3939,"['RU-MOW', 'RU-SPE']",6499,https://www.detmir.ru/product/index/id/3597018/
3176040,Конструктор LEGO DUPLO Town Животные мира 10907,8499,['RU-MOW'],8999,https://www.detmir.ru/product/index/id/3176040/
3596969,Конструктор LEGO Super Mario Летучий корабль Боузера 71391,5629,"['RU-MOW', 'RU-SPE']",8999,https://www.detmir.ru/product/index/id/3596969/
3596782,Конструктор LEGO Friends Школа Хартлейк Сити 41682,3709,"['RU-MOW', 'RU-SPE']",6499,https://www.detmir.ru/product/index/id/3596782/
3226630,Конструктор LEGO Technic Шоу трюков на грузовиках и мотоциклах 42106,2819,"['RU-MOW', 'RU-SPE']",4699,https://www.detmir.ru/product/index/id/3226630/
3597036,Конструктор LEGO Speed Champions Koenigsegg Jesko 76900,1349,"['RU-MOW', 'RU-SPE']",1799,https://www.detmir.ru/product/index/id/3597036/
3244517,Конструктор LEGO Friends Модный бутик Эммы 41427,1609,"['RU-MOW', 'RU-SPE']",2599,https://www.detmir.ru/product/index/id/3244517/
3226681,Конструктор LEGO City Great Vehicles Транспортировщик скоростных катеров 60254,1519,"['RU-MOW', 'RU-SPE']",2499,https://www.detmir.ru/product/index/id/3226681/
3405605,Конструктор LEGO DC Super Heroes Капитан Америка Робот 76168,649,"['RU-MOW', 'RU-SPE']",999,https://www.detmir.ru/product/index/id/3405605/
3226632,Конструктор LEGO Technic Гоночный автомобиль Top Gear 42109,7479,"['RU-MOW', 'RU-SPE']",12499,https://www.detmir.ru/product/index/id/3226632/
3405527,Конструктор LEGO DUPLO My First Поезд для животных 10955,949,"['RU-MOW', 'RU-SPE']",1599,https://www.detmir.ru/product/index/id/3405527/
3596758,Конструктор LEGO DUPLO My First Поезд с цифрами-учимся считать 10954,909,"['RU-MOW', 'RU-SPE']",1499,https://www.detmir.ru/product/index/id/3596758/
3594631,Конструктор LEGO Super Heroes Веном 76187,5169,"['RU-MOW', 'RU-SPE']",5999,https://www.detmir.ru/product/index/id/3594631/
3244533,Конструктор LEGO City Исследовательская база 60265,3409,"['RU-MOW', 'RU-SPE']",5499,https://www.detmir.ru/product/index/id/3244533/
3405532,Конструктор LEGO DUPLO Town Фермерский трактор сарай и животные 10952,3899,"['RU-MOW', 'RU-SPE']",6499,https://www.detmir.ru/product/index/id/3405532/
3226679,Конструктор LEGO City Great Vehicles Строительный бульдозер 60252,929,"['RU-MOW', 'RU-SPE']",1499,https://www.detmir.ru/product/index/id/3226679/
3226727,Конструктор LEGO Super Heroes Железный человек 76140,639,"['RU-MOW', 'RU-SPE']",999,https://www.detmir.ru/product/index/id/3226727/
3405620,Конструктор LEGO Ninjago Мотоцикл Ллойда для джунглей 71745,1089,"['RU-MOW', 'RU-SPE']",1699,https://www.detmir.ru/product/index/id/3405620/
3405584,Конструктор LEGO City Fire Команда пожарных 60282,2949,"['RU-MOW', 'RU-SPE']",4999,https://www.detmir.ru/product/index/id/3405584/
3386282,Конструктор LEGO Minecraft Торговый пост 21167,1199,"['RU-MOW', 'RU-SPE']",1799,https://www.detmir.ru/product/index/id/3386282/
3226750,Конструктор LEGO Speed Champions Lamborghini Urus ST-X Lamborghini Huracan Super Trofeo EVO 76899,3419,"['RU-MOW', 'RU-SPE']",5499,https://www.detmir.ru/product/index/id/3226750/
3244603,Конструктор LEGO Star Wars Клоны-пехотинцы 501легиона 75280,1759,"['RU-MOW', 'RU-SPE']",2799,https://www.detmir.ru/product/index/id/3244603/
3405525,Конструктор LEGO DUPLO Classic Шкатулка-сердечко 10909,1169,"['RU-MOW', 'RU-SPE']",1599,https://www.detmir.ru/product/index/id/3405525/
3596771,Конструктор LEGO Creator Средневековый замок 31120,5629,"['RU-MOW', 'RU-SPE']",8999,https://www.detmir.ru/product/index/id/3596771/
3244512,Конструктор LEGO Friends Самолёт в Хартлейк Сити 41429,3609,"['RU-MOW', 'RU-SPE']",6499,https://www.detmir.ru/product/index/id/3244512/
3244511,Конструктор LEGO Friends Пляжный домик 41428,2819,"['RU-MOW', 'RU-SPE']",4499,https://www.detmir.ru/product/index/id/3244511/
3233714,Конструктор LEGO DUPLO Большая строительная пластина 2304,849,"['RU-MOW', 'RU-SPE']",1299,https://www.detmir.ru/product/index/id/3233714/
3405643,Конструктор LEGO Star Wars Истребитель типа Х Люка Скайуокера 75301,2959,"['RU-MOW', 'RU-SPE']",4699,https://www.detmir.ru/product/index/id/3405643/
3597027,Конструктор LEGO Super Heroes Железный человек: схватка с Железным Торговцем 76190,2299,"['RU-MOW', 'RU-SPE']",3699,https://www.detmir.ru/product/index/id/3597027/
3405578,Конструктор LEGO My City Современный дом для семьи 60291,2759,"['RU-MOW', 'RU-SPE']",4499,https://www.detmir.ru/product/index/id/3405578/
3596755,Конструктор LEGO DUPLO Town Семейное приключение на микроавтобусе 10946,1529,"['RU-MOW', 'RU-SPE']",2499,https://www.detmir.ru/product/index/id/3596755/
3405646,Конструктор LEGO Technic Гоночный самолёт 42117,699,"['RU-MOW', 'RU-SPE']",899,https://www.detmir.ru/product/index/id/3405646/
3144136,Конструктор LEGO Minecraft Последняя битва 21151,1249,['RU-MOW'],1799,https://www.detmir.ru/product/index/id/3144136/
3405600,Конструктор LEGO DC Super Heroes Человек-Паук и Призрачный Гонщик против Карнажа 76173,1649,"['RU-MOW', 'RU-SPE']",1799,https://www.detmir.ru/product/index/id/3405600/
3405624,Конструктор LEGO Ninjago Турнир стихий 71735,1819,"['RU-MOW', 'RU-SPE']",2599,https://www.detmir.ru/product/index/id/3405624/
3244613,Конструктор LEGO Technic Бетономешалка 42112,5939,"['RU-MOW', 'RU-SPE']",9499,https://www.detmir.ru/product/index/id/3244613/
3405593,Конструктор LEGO City Great Vehicles Транспортировка карта 60288,939,"['RU-MOW', 'RU-SPE']",1499,https://www.detmir.ru/product/index/id/3405593/
3244591,Конструктор LEGO Ninjago Дракон чародея-скелета 71721,4499,"['RU-MOW', 'RU-SPE']",7499,https://www.detmir.ru/product/index/id/3244591/
3405555,Конструктор LEGO Friends Ветеринарная клиника Хартлейк-Сити 41446,2339,"['RU-MOW', 'RU-SPE']",3599,https://www.detmir.ru/product/index/id/3405555/
3188096,Конструктор LEGO DUPLO Princess Ледяной замок 10899,2699,"['RU-MOW', 'RU-SPE']",4499,https://www.detmir.ru/product/index/id/3188096/
3405563,Конструктор LEGO Dots Секретная шкатулка 41924,1599,"['RU-MOW', 'RU-SPE']",1759,https://www.detmir.ru/product/index/id/3405563/
3597049,Конструктор LEGO Speed Champions Chevrolet Corvette C8.R Race Car and 1968 Chevrolet Corvette 76903,2179,"['RU-MOW', 'RU-SPE']",3699,https://www.detmir.ru/product/index/id/3597049/
3596878,Конструктор LEGO Disney Princess Книга сказочных приключений Ариэль Белль Золушки и Тианы 43193,1479,"['RU-MOW', 'RU-SPE']",1999,https://www.detmir.ru/product/index/id/3596878/
3596781,Конструктор LEGO Friends Лесной дом на колесах и парусная лодка 41681,2549,"['RU-MOW', 'RU-SPE']",4499,https://www.detmir.ru/product/index/id/3596781/
3226695,Конструктор LEGO City Nitro Wheels Тюнинг-мастерская 60258,5089,"['RU-MOW', 'RU-SPE']",8999,https://www.detmir.ru/product/index/id/3226695/
3405655,Конструктор LEGO Technic Ferrari 488 GTE 42125,10489,"['RU-MOW', 'RU-SPE']",16899,https://www.detmir.ru/product/index/id/3405655/
3226589,Конструктор LEGO Creator Спортивный автомобиль 31100,579,"['RU-MOW', 'RU-SPE']",899,https://www.detmir.ru/product/index/id/3226589/
3244579,Конструктор LEGO Super Mario Битва в замке Боузера 71369,5399,['RU-MOW'],8999,https://www.detmir.ru/product/index/id/3244579/
3226678,Конструктор LEGO City Great Vehicles Монстр-трак 60251,449,"['RU-MOW', 'RU-SPE']",749,https://www.detmir.ru/product/index/id/3226678/
3244601,Конструктор LEGO Minecraft Битва за красную пыль 21163,3919,"['RU-MOW', 'RU-SPE']",4699,https://www.detmir.ru/product/index/id/3244601/
3405632,Конструктор LEGO Harry Potter Учёба в Хогвартсе Урок трансфигурации 76382,1749,"['RU-MOW', 'RU-SPE']",2799,https://www.detmir.ru/product/index/id/3405632/
3244590,Конструктор LEGO Ninjago Каменный робот огня 71720,3739,"['RU-MOW', 'RU-SPE']",6499,https://www.detmir.ru/product/index/id/3244590/
3244510,Конструктор LEGO Friends Штаб спасателей 41424,4479,"['RU-MOW', 'RU-SPE']",7499,https://www.detmir.ru/product/index/id/3244510/
3092799,Конструктор LEGO DUPLO Disney День рождения Минни (10873),1529,['RU-MOW'],1699,https://www.detmir.ru/product/index/id/3092799/
3142016,Конструктор LEGO DUPLO My First Мои первые машинки 10886,979,"['RU-MOW', 'RU-SPE']",1599,https://www.detmir.ru/product/index/id/3142016/
3244479,Конструктор LEGO DUPLO Шаровой таран 10932,2999,"['RU-MOW', 'RU-SPE']",4999,https://www.detmir.ru/product/index/id/3244479/
3226680,Конструктор LEGO City Great Vehicles Грузовик мороженщика 60253,969,"['RU-MOW', 'RU-SPE']",1499,https://www.detmir.ru/product/index/id/3226680/
3596772,Конструктор LEGO Friends Тренировка лошади и прицеп для перевозки 41441,1499,"['RU-MOW', 'RU-SPE']",2499,https://www.detmir.ru/product/index/id/3596772/
3597031,Конструктор LEGO Super Heroes Железный Человек Тони Старка на Сакааре 76194,1839,"['RU-MOW', 'RU-SPE']",2999,https://www.detmir.ru/product/index/id/3597031/
619001,Конструктор LEGO Classic Набор для творчества большого размера (10698),2339,"['RU-MOW', 'RU-SPE']",3799,https://www.detmir.ru/product/index/id/619001/
3777764,Конструктор LEGO City Occasions Новогодний календарь 60303,1699,"['RU-MOW', 'RU-SPE']",-,https://www.detmir.ru/product/index/id/3777764/
3596717,Конструктор LEGO DUPLO Disney Дом и кафе Минни 10942,2859,"['RU-MOW', 'RU-SPE']",4499,https://www.detmir.ru/product/index/id/3596717/
3405603,Конструктор LEGO DC Super Heroes Майлс Моралес Робот 76171,649,"['RU-MOW', 'RU-SPE']",999,https://www.detmir.ru/product/index/id/3405603/
3244598,Конструктор LEGO Harry Potter Тисовая улица дом 4 75968,3889,"['RU-MOW', 'RU-SPE']",6499,https://www.detmir.ru/product/index/id/3244598/
3405537,Конструктор LEGO Creator Кибердрон 31111,569,"['RU-MOW', 'RU-SPE']",899,https://www.detmir.ru/product/index/id/3405537/
3596973,Конструктор LEGO Ninjago Сверхзвуковой самолёт 71739,5149,"['RU-MOW', 'RU-SPE']",8499,https://www.detmir.ru/product/index/id/3596973/
3396151,Конструктор LEGO Star Wars Малыш 75318,4539,"['RU-MOW', 'RU-SPE']",7499,https://www.detmir.ru/product/index/id/3396151/
3596779,Конструктор LEGO Friends Лесной водопад 41677,529,"['RU-MOW', 'RU-SPE']",799,https://www.detmir.ru/product/index/id/3596779/
3405592,Конструктор LEGO City Great Vehicles Трактор 60287,969,"['RU-MOW', 'RU-SPE']",1499,https://www.detmir.ru/product/index/id/3405592/
3405634,Конструктор LEGO Harry Potter Учёба в Хогвартсе Урок травологии 76384,1649,"['RU-MOW', 'RU-SPE']",2799,https://www.detmir.ru/product/index/id/3405634/
3226704,Конструктор LEGO Ninjago Тропический внедорожник 71700,529,"['RU-MOW', 'RU-SPE']",799,https://www.detmir.ru/product/index/id/3226704/
618981,Конструктор LEGO Classic Строительная пластина зеленого цвета (10700),449,"['RU-MOW', 'RU-SPE']",699,https://www.detmir.ru/product/index/id/618981/
3244553,Конструктор LEGO Super Heroes Человек-Паук Засада на веномозавра 76151,4869,"['RU-MOW', 'RU-SPE']",7499,https://www.detmir.ru/product/index/id/3244553/
3596800,Конструктор LEGO Friends Волшебное колесо обозрения и горка 41689,3129,"['RU-MOW', 'RU-SPE']",5499,https://www.detmir.ru/product/index/id/3596800/
3596767,Конструктор LEGO Minecraft Современный домик на дереве 21174,6919,"['RU-MOW', 'RU-SPE']",11499,https://www.detmir.ru/product/index/id/3596767/
3597019,Конструктор LEGO Ninjago Храм Бескрайнего моря 71755,6089,"['RU-MOW', 'RU-SPE']",9999,https://www.detmir.ru/product/index/id/3597019/
3596927,Конструктор LEGO Super Mario Небесный мир лакиту 71389,2349,"['RU-MOW', 'RU-SPE']",3699,https://www.detmir.ru/product/index/id/3596927/
3777768,Конструктор LEGO Минифигурки в непрозрачной упаковке (Сюрприз) 71031,249,"['RU-MOW', 'RU-SPE']",279,https://www.detmir.ru/product/index/id/3777768/
3597048,Конструктор LEGO Speed Champions McLaren Elva 76902,1129,"['RU-MOW', 'RU-SPE']",1799,https://www.detmir.ru/product/index/id/3597048/
3498471,Конструктор LEGO Disney Princess Райя и Дворец сердца 43181,4499,"['RU-MOW', 'RU-SPE']",7499,https://www.detmir.ru/product/index/id/3498471/
3226627,Конструктор LEGO Technic Драгстер 42103,1099,"['RU-MOW', 'RU-SPE']",1699,https://www.detmir.ru/product/index/id/3226627/
3597053,Конструктор LEGO Jurassic World Погоня за карнотавром 76941,3719,"['RU-MOW', 'RU-SPE']",4599,https://www.detmir.ru/product/index/id/3597053/
3405601,Конструктор LEGO DC Super Heroes Монстр-трак Человека-Паука против Мистерио 76174,2729,"['RU-MOW', 'RU-SPE']",4699,https://www.detmir.ru/product/index/id/3405601/
3226604,Конструктор LEGO Friends Городская больница Хартлейк Сити 41394,3419,"['RU-MOW', 'RU-SPE']",5499,https://www.detmir.ru/product/index/id/3226604/
3405546,Конструктор LEGO Disney Princess Книга сказочных приключений Эльзы и Нока 43189,1099,"['RU-MOW', 'RU-SPE']",1699,https://www.detmir.ru/product/index/id/3405546/
3597023,Конструктор LEGO Star Wars Звездолет Бобы Фетта 75312,2989,"['RU-MOW', 'RU-SPE']",4699,https://www.detmir.ru/product/index/id/3597023/
3597022,Конструктор LEGO Star Wars Имперский бронированный корвет типа Мародер 75311,3299,"['RU-MOW', 'RU-SPE']",3699,https://www.detmir.ru/product/index/id/3597022/
3226677,Конструктор LEGO City Great Vehicles Машина для очистки улиц 60249,519,"['RU-MOW', 'RU-SPE']",749,https://www.detmir.ru/product/index/id/3226677/
3142022,Конструктор LEGO DUPLO Town Пожарная машина 10901,969,"['RU-MOW', 'RU-SPE']",1499,https://www.detmir.ru/product/index/id/3142022/
3226709,Конструктор LEGO Ninjago Скоростные машины Джея и Ллойда 71709,1739,"['RU-MOW', 'RU-SPE']",2599,https://www.detmir.ru/product/index/id/3226709/
3142199,Конструктор LEGO City Police Автомобиль полицейского патруля 60239,479,"['RU-MOW', 'RU-SPE']",749,https://www.detmir.ru/product/index/id/3142199/
3405636,Конструктор LEGO Minecraft Коралловый риф 21164,619,"['RU-MOW', 'RU-SPE']",999,https://www.detmir.ru/product/index/id/3405636/
3597054,Конструктор LEGO Jurassic World Побег барионикса на катере 76942,4769,"['RU-MOW', 'RU-SPE']",7499,https://www.detmir.ru/product/index/id/3597054/
3405580,Конструктор LEGO City Town Дорожные пластины 60304,909,"['RU-MOW', 'RU-SPE']",1499,https://www.detmir.ru/product/index/id/3405580/
3405635,Конструктор LEGO Harry Potter Учёба в Хогвартсе Урок заклинаний 76385,1739,"['RU-MOW', 'RU-SPE']",2799,https://www.detmir.ru/product/index/id/3405635/
3758560,Конструктор LEGO Star Wars Легкий имперский крейсер 75315,8369,"['RU-MOW', 'RU-SPE']",13499,https://www.detmir.ru/product/index/id/3758560/
3405633,Конструктор LEGO Harry Potter Учёба в Хогвартсе Урок зельеварения 76383,1739,"['RU-MOW', 'RU-SPE']",2799,https://www.detmir.ru/product/index/id/3405633/
3226626,Конструктор LEGO Technic Mini Claas Xerion 42102,559,"['RU-MOW', 'RU-SPE']",899,https://www.detmir.ru/product/index/id/3226626/
3200882,Конструктор LEGO Disney Frozen Шкатулка Эльзы 41168,2269,"['RU-MOW', 'RU-SPE']",3599,https://www.detmir.ru/product/index/id/3200882/
3144096,Конструктор LEGO Creator Обитатели морских глубин 31088,869,"['RU-MOW', 'RU-SPE']",1399,https://www.detmir.ru/product/index/id/3144096/
3405565,Конструктор LEGO Dots Креативный набор для праздника 41926,1259,"['RU-MOW', 'RU-SPE']",1999,https://www.detmir.ru/product/index/id/3405565/
3405645,Конструктор LEGO Technic Фронтальный погрузчик 42116,559,"['RU-MOW', 'RU-SPE']",899,https://www.detmir.ru/product/index/id/3405645/
3226591,Конструктор LEGO Creator Огненный дракон 31102,1139,"['RU-MOW', 'RU-SPE']",1799,https://www.detmir.ru/product/index/id/3226591/
3405530,Конструктор LEGO DUPLO Town Фермерский трактор и животные 10950,1029,"['RU-MOW', 'RU-SPE']",1599,https://www.detmir.ru/product/index/id/3405530/
3777766,Конструктор LEGO Super Heroes Новогодний календарь 76196,2079,"['RU-MOW', 'RU-SPE']",2799,https://www.detmir.ru/product/index/id/3777766/
3244577,Конструктор LEGO Super Mario Дом Марио и Йоши 71367,1699,"['RU-MOW', 'RU-SPE']",2699,https://www.detmir.ru/product/index/id/3244577/
3597028,Конструктор LEGO Super Heroes Перчатка бесконечности 76191,4739,"['RU-MOW', 'RU-SPE']",6999,https://www.detmir.ru/product/index/id/3597028/
3226564,Конструктор LEGO DUPLO Town Спальня 10926,799,"['RU-MOW', 'RU-SPE']",1299,https://www.detmir.ru/product/index/id/3226564/
3489842,Конструктор LEGO Minecraft Приключения на пиратском корабле 21152,2819,"['RU-MOW', 'RU-SPE']",4699,https://www.detmir.ru/product/index/id/3489842/
3226603,Конструктор LEGO Friends Соревнование кондитеров 41393,2109,"['RU-MOW', 'RU-SPE']",3599,https://www.detmir.ru/product/index/id/3226603/
3596769,Конструктор LEGO Creator Приключения на космическом шаттле 31117,2719,"['RU-MOW', 'RU-SPE']",4499,https://www.detmir.ru/product/index/id/3596769/
3244481,Конструктор LEGO DUPLO Подводный замок Ариэль 10922,1799,"['RU-MOW', 'RU-SPE']",2599,https://www.detmir.ru/product/index/id/3244481/
3597025,Конструктор LEGO Super Heroes Корабль Чёрной Пантеры «Дракон» 76186,1169,"['RU-MOW', 'RU-SPE']",1799,https://www.detmir.ru/product/index/id/3597025/
3239914,Набор для творчества LEGO DOTS Подставка для карандашей Ананас 41906,1499,"['RU-MOW', 'RU-SPE']",1699,https://www.detmir.ru/product/index/id/3239914/
3405654,Конструктор LEGO Technic Bugatti Chiron 42083,22039,['RU-MOW'],34899,https://www.detmir.ru/product/index/id/3405654/
3777767,Конструктор LEGO Harry Potter Новогодний календарь 76390,2079,"['RU-MOW', 'RU-SPE']",2599,https://www.detmir.ru/product/index/id/3777767/
3244480,Конструктор LEGO DUPLO Башенный кран на стройке 10933,6099,"['RU-MOW', 'RU-SPE']",9999,https://www.detmir.ru/product/index/id/3244480/
3405541,Конструктор LEGO Creator Домик на дереве для сафари 31116,1589,"['RU-MOW', 'RU-SPE']",2699,https://www.detmir.ru/product/index/id/3405541/
3596786,Конструктор LEGO Friends Волшебная акробатика 41686,1039,"['RU-MOW', 'RU-SPE']",1699,https://www.detmir.ru/product/index/id/3596786/
3405534,Конструктор LEGO Jurassic World Побег динозавров: тираннозавр и трицератопс 10939,1639,"['RU-MOW', 'RU-SPE']",2599,https://www.detmir.ru/product/index/id/3405534/
3405564,Конструктор LEGO Dots Хранение секретов 41925,1199,"['RU-MOW', 'RU-SPE']",1299,https://www.detmir.ru/product/index/id/3405564/
3244549,Конструктор LEGO Super Heroes Халкбастер против агента А.И.М. 76164,2319,"['RU-MOW', 'RU-SPE']",3699,https://www.detmir.ru/product/index/id/3244549/
3226746,Конструктор LEGO Speed Champions Ferrari F8 Tributo 76895,1799,"['RU-MOW', 'RU-SPE']",-,https://www.detmir.ru/product/index/id/3226746/
3226749,Конструктор LEGO Speed Champions Formula E Panasonic Jaguar Racing GEN2 car Jaguar I-Pace eTrophy 76898,2399,"['RU-MOW', 'RU-SPE']",3699,https://www.detmir.ru/product/index/id/3226749/
3226652,Конструктор LEGO City Police Ограбление полицейского монстр-трака 60245,2699,"['RU-MOW', 'RU-SPE']",4499,https://www.detmir.ru/product/index/id/3226652/
3405531,Конструктор LEGO DUPLO Town Конюшня для лошади и пони 10951,1609,"['RU-MOW', 'RU-SPE']",2499,https://www.detmir.ru/product/index/id/3405531/
3594629,Конструктор LEGO Super Heroes Бэтмен против Джокера погоня на Бэтмобиле 76180,1669,"['RU-MOW', 'RU-SPE']",2799,https://www.detmir.ru/product/index/id/3594629/
3405533,Конструктор LEGO DUPLO Disney Праздничный поезд Микки и Минни 10941,1609,"['RU-MOW', 'RU-SPE']",2599,https://www.detmir.ru/product/index/id/3405533/
3200881,Конструктор LEGO Disney Frozen Деревня в Эренделле 41167,4449,"['RU-MOW', 'RU-SPE']",7499,https://www.detmir.ru/product/index/id/3200881/
3244551,Конструктор LEGO Super Heroes Геликарриер 76153,6859,"['RU-MOW', 'RU-SPE']",11499,https://www.detmir.ru/product/index/id/3244551/
3244597,Конструктор LEGO Harry Potter Грохх и Долорес Амбридж 75967,1779,"['RU-MOW', 'RU-SPE']",2799,https://www.detmir.ru/product/index/id/3244597/
3405577,Конструктор LEGO My City Скейт-парк 60290,1499,"['RU-MOW', 'RU-SPE']",2619,https://www.detmir.ru/product/index/id/3405577/
3244535,Конструктор LEGO City Воздушная гонка 60260,1569,"['RU-MOW', 'RU-SPE']",2499,https://www.detmir.ru/product/index/id/3244535/
3405542,Конструктор LEGO Creator Пляжный домик серферов 31118,2859,"['RU-MOW', 'RU-SPE']",4499,https://www.detmir.ru/product/index/id/3405542/
3597052,Конструктор LEGO Jurassic World Скелет тираннозавра на выставке 76940,2599,"['RU-MOW', 'RU-SPE']",2799,https://www.detmir.ru/product/index/id/3597052/
3596747,Конструктор LEGO DUPLO Town Мусоровоз и контейнеры для раздельного сбора мусора 10945,909,"['RU-MOW', 'RU-SPE']",1499,https://www.detmir.ru/product/index/id/3596747/
3405585,Конструктор LEGO City Police Полицейский вертолёт 60275,479,"['RU-MOW', 'RU-SPE']",749,https://www.detmir.ru/product/index/id/3405585/
3405641,Конструктор LEGO Star Wars Испытание на Татуине 75299,1729,"['RU-MOW', 'RU-SPE']",2799,https://www.detmir.ru/product/index/id/3405641/
3405606,Конструктор LEGO Marvel Super Heroes Тор робот 76169,639,"['RU-MOW', 'RU-SPE']",999,https://www.detmir.ru/product/index/id/3405606/
3244485,Конструктор LEGO Creator Отпуск в доме на колесах 31108,4299,"['RU-MOW', 'RU-SPE']",7499,https://www.detmir.ru/product/index/id/3244485/
3200890,Конструктор LEGO Star Wars Йода 75255,5499,"['RU-MOW', 'RU-SPE']",9499,https://www.detmir.ru/product/index/id/3200890/
3596770,Конструктор LEGO Creator Колесо обозрения 31119,5169,"['RU-MOW', 'RU-SPE']",8499,https://www.detmir.ru/product/index/id/3596770/
3620626,Конструктор LEGO Creator Аквариум 31122,2699,"['RU-MOW', 'RU-SPE']",-,https://www.detmir.ru/product/index/id/3620626/
3405529,Конструктор LEGO DUPLO Town Уход за животными на ферме 10949,489,"['RU-MOW', 'RU-SPE']",749,https://www.detmir.ru/product/index/id/3405529/
3405552,Конструктор LEGO Friends Пекарня Хартлейк-Сити 41440,959,"['RU-MOW', 'RU-SPE']",1599,https://www.detmir.ru/product/index/id/3405552/
3226563,Конструктор LEGO DUPLO Town Игровая комната 10925,799,"['RU-MOW', 'RU-SPE']",1299,https://www.detmir.ru/product/index/id/3226563/
3226558,Конструктор LEGO DUPLO Грузовик Алфавит 10915,1499,"['RU-MOW', 'RU-SPE']",2499,https://www.detmir.ru/product/index/id/3226558/
3620625,Конструктор LEGO Creator Крокодил 31121,2699,"['RU-MOW', 'RU-SPE']",-,https://www.detmir.ru/product/index/id/3620625/
3244619,Конструктор LEGO Dots Настольный набор 41907,1069,"['RU-MOW', 'RU-SPE']",1759,https://www.detmir.ru/product/index/id/3244619/
3596783,Конструктор LEGO Friends Лесной клуб верховой езды 41683,3869,"['RU-MOW', 'RU-SPE']",6499,https://www.detmir.ru/product/index/id/3596783/
3405547,Конструктор LEGO Friends Электромобиль Оливии 41443,779,"['RU-MOW', 'RU-SPE']",1299,https://www.detmir.ru/product/index/id/3405547/
3405642,Конструктор LEGO Star Wars Имперский истребитель СИД 75300,2239,"['RU-MOW', 'RU-SPE']",3699,https://www.detmir.ru/product/index/id/3405642/
3175848,Конструктор LEGO Creator Зоомагазин и кафе в центре города 31097,4669,['RU-MOW'],7499,https://www.detmir.ru/product/index/id/3175848/
3777765,Конструктор LEGO Star Wars Новогодний календарь 75307,2079,"['RU-MOW', 'RU-SPE']",2599,https://www.detmir.ru/product/index/id/3777765/
3405614,Конструктор LEGO Super Mario дополнительный набор загадочное испытание растения-пираньи 71382,1549,"['RU-MOW', 'RU-SPE']",2699,https://www.detmir.ru/product/index/id/3405614/
3244596,Конструктор LEGO Harry Potter Выручай-комната Хогвартса 75966,1139,"['RU-MOW', 'RU-SPE']",1799,https://www.detmir.ru/product/index/id/3244596/
3405535,Конструктор LEGO Classic Прозрачные кубики 11013,1589,"['RU-MOW', 'RU-SPE']",2599,https://www.detmir.ru/product/index/id/3405535/
3200891,Конструктор LEGO Star Wars Episode IX Шаттл Кайло Рена 75256,6889,"['RU-MOW', 'RU-SPE']",11499,https://www.detmir.ru/product/index/id/3200891/
3226693,Конструктор LEGO City Nitro Wheels Гоночные автомобили 60256,1239,"['RU-MOW', 'RU-SPE']",1999,https://www.detmir.ru/product/index/id/3226693/
3099183,Конструктор LEGO City Trains Рельсы 60205,959,"['RU-MOW', 'RU-SPE']",1499,https://www.detmir.ru/product/index/id/3099183/
3181585,Конструктор LEGO Marvel Super Heroes Капитан Марвел и атака скруллов 76127,2499,"['RU-MOW', 'RU-SPE']",-,https://www.detmir.ru/product/index/id/3181585/
3108625,Конструктор LEGO City Trains Железнодорожные стрелки 60238,1069,"['RU-MOW', 'RU-SPE']",1799,https://www.detmir.ru/product/index/id/3108625/
3597024,Конструктор LEGO Star Wars Звездный истребитель мандалорцев 75316,3569,"['RU-MOW', 'RU-SPE']",5499,https://www.detmir.ru/product/index/id/3597024/
3405609,Конструктор LEGO Jurassic World Побег галлимима и птеранодона 75940,4179,"['RU-MOW', 'RU-SPE']",5499,https://www.detmir.ru/product/index/id/3405609/
3226711,Конструктор LEGO Ninjago Кибердракон Джея 71711,3439,"['RU-MOW', 'RU-SPE']",4499,https://www.detmir.ru/product/index/id/3226711/
3334779,Конструктор LEGO Disney Princess Башня Рапунцель 43187,3339,"['RU-MOW', 'RU-SPE']",5499,https://www.detmir.ru/product/index/id/3334779/
3244516,Конструктор LEGO Friends Кафе в парке Хартлейк Сити 41426,1059,"['RU-MOW', 'RU-SPE']",1699,https://www.detmir.ru/product/index/id/3244516/
3244531,Конструктор LEGO City Мини-подлодка 60263,489,"['RU-MOW', 'RU-SPE']",749,https://www.detmir.ru/product/index/id/3244531/
3758559,Конструктор LEGO Star Wars TM Штурмовой шаттл Бракованной Партии 75314,5939,"['RU-MOW', 'RU-SPE']",9499,https://www.detmir.ru/product/index/id/3758559/
3405612,Конструктор LEGO Super Mario Твои уровни! Твои приключения! 71380,3299,"['RU-MOW', 'RU-SPE']",5499,https://www.detmir.ru/product/index/id/3405612/
3226731,Конструктор LEGO Super Heroes Человек-паук 76146,899,"['RU-MOW', 'RU-SPE']",999,https://www.detmir.ru/product/index/id/3226731/
3226562,Конструктор LEGO DUPLO Super Heroes Лаборатория супергероев 10921,1839,"['RU-MOW', 'RU-SPE']",2599,https://www.detmir.ru/product/index/id/3226562/
3405590,Конструктор LEGO City Great Vehicles Спортивный автомобиль 60285,479,"['RU-MOW', 'RU-SPE']",749,https://www.detmir.ru/product/index/id/3405590/
3405591,Конструктор LEGO City Great Vehicles Пляжный спасательный вездеход 60286,479,"['RU-MOW', 'RU-SPE']",749,https://www.detmir.ru/product/index/id/3405591/
3405573,Конструктор LEGO Dots Брелок Леопард 41929,439,"['RU-MOW', 'RU-SPE']",549,https://www.detmir.ru/product/index/id/3405573/
618971,Строительная пластина LEGO Classic Серая (10701),799,"['RU-MOW', 'RU-SPE']",1299,https://www.detmir.ru/product/index/id/618971/
3226710,Конструктор LEGO Ninjago Специальный автомобиль Ниндзя 71710,3599,"['RU-MOW', 'RU-SPE']",-,https://www.detmir.ru/product/index/id/3226710/
3405569,Конструктор LEGO Dots Брелок Щенок 41927,369,"['RU-MOW', 'RU-SPE']",549,https://www.detmir.ru/product/index/id/3405569/
3244509,Конструктор LEGO Friends Спасение тигра на воздушном шаре 41423,2339,"['RU-MOW', 'RU-SPE']",3599,https://www.detmir.ru/product/index/id/3244509/
3226649,Конструктор LEGO City Police Арест на шоссе 60242,929,"['RU-MOW', 'RU-SPE']",1499,https://www.detmir.ru/product/index/id/3226649/
3244585,Конструктор LEGO Ninjago Истребитель Кая 71704,2319,"['RU-MOW', 'RU-SPE']",3599,https://www.detmir.ru/product/index/id/3244585/
3244515,Конструктор LEGO Friends Цветочный сад Оливии 41425,589,"['RU-MOW', 'RU-SPE']",799,https://www.detmir.ru/product/index/id/3244515/
3498484,Конструктор LEGO Star Wars Имперский шаттл 75302,4539,['RU-MOW'],7499,https://www.detmir.ru/product/index/id/3498484/
3475283,Конструктор LEGO City Great Vehicles Автовоз 60305,2499,"['RU-MOW', 'RU-SPE']",-,https://www.detmir.ru/product/index/id/3475283/
3244473,Конструктор LEGO DUPLO Бульдозер 10930,469,"['RU-MOW', 'RU-SPE']",749,https://www.detmir.ru/product/index/id/3244473/
3244604,Конструктор LEGO Star Wars Джедайский перехватчик Энакина 75281,1759,"['RU-MOW', 'RU-SPE']",2799,https://www.detmir.ru/product/index/id/3244604/
3596926,Конструктор LEGO Super Mario Падающая башня босса братца-сумо 71388,1619,"['RU-MOW', 'RU-SPE']",2699,https://www.detmir.ru/product/index/id/3596926/
3597021,Конструктор LEGO Star Wars Дуэль на Мандалоре 75310,1129,"['RU-MOW', 'RU-SPE']",1799,https://www.detmir.ru/product/index/id/3597021/
3244578,Конструктор LEGO Super Mario Погоня за сокровищами Тоада 71368,3899,"['RU-MOW', 'RU-SPE']",6499,https://www.detmir.ru/product/index/id/3244578/
3596790,Конструктор LEGO Friends Киоск на Волшебной ярмарке 41687,1559,"['RU-MOW', 'RU-SPE']",2599,https://www.detmir.ru/product/index/id/3596790/
3405582,Конструктор LEGO City Fire Пожарная машина с лестницей 60280,949,"['RU-MOW', 'RU-SPE']",1499,https://www.detmir.ru/product/index/id/3405582/
3244483,Конструктор LEGO DUPLO Гонки Молнии МакКуина 10924,2049,"['RU-MOW', 'RU-SPE']",2599,https://www.detmir.ru/product/index/id/3244483/
3244514,Конструктор LEGO Friends Дом Стефани 41398,2099,"['RU-MOW', 'RU-SPE']",3299,https://www.detmir.ru/product/index/id/3244514/
3596879,Конструктор LEGO Disney Princess Зимняя сказка Анны и Эльзы 43194,2289,"['RU-MOW', 'RU-SPE']",3599,https://www.detmir.ru/product/index/id/3596879/
3226648,Конструктор LEGO City Police Полицейский отряд с собакой 60241,479,"['RU-MOW', 'RU-SPE']",749,https://www.detmir.ru/product/index/id/3226648/
3596766,Конструктор LEGO Minecraft Небесная башня 21173,3329,"['RU-MOW', 'RU-SPE']",5499,https://www.detmir.ru/product/index/id/3596766/
3244525,Конструктор LEGO Dots Большой набор для создания браслетов 41913,1459,"['RU-MOW', 'RU-SPE']",2199,https://www.detmir.ru/product/index/id/3244525/
3405526,Конструктор LEGO DUPLO My First Единорог 10953,499,"['RU-MOW', 'RU-SPE']",799,https://www.detmir.ru/product/index/id/3405526/
3405610,Конструктор LEGO Jurassic World Индоминус-рекс против анкилозавра 75941,9499,"['RU-MOW', 'RU-SPE']",-,https://www.detmir.ru/product/index/id/3405610/
3244484,Конструктор LEGO Creator Исследовательский планетоход 31107,2699,['RU-MOW'],4499,https://www.detmir.ru/product/index/id/3244484/
3405619,Конструктор LEGO Ninjago Электрический робот Джея 71740,1099,"['RU-MOW', 'RU-SPE']",1699,https://www.detmir.ru/product/index/id/3405619/
3889884,Конструктор LEGO Super Heroes Новый Асгард Бро Тора 76200,2699,"['RU-MOW', 'RU-SPE']",-,https://www.detmir.ru/product/index/id/3889884/
3244507,Конструктор LEGO Friends Спасение слонёнка 41421,969,"['RU-MOW', 'RU-SPE']",1699,https://www.detmir.ru/product/index/id/3244507/
3244572,Конструктор LEGO Super Mario Охраняемая крепость 71362,2749,"['RU-MOW', 'RU-SPE']",4699,https://www.detmir.ru/product/index/id/3244572/
3226594,Конструктор LEGO Creator Городской магазин игрушек 31105,2329,"['RU-MOW', 'RU-SPE']",3699,https://www.detmir.ru/product/index/id/3226594/
3405583,Конструктор LEGO City Fire Спасательный пожарный вертолёт 60281,1529,"['RU-MOW', 'RU-SPE']",2499,https://www.detmir.ru/product/index/id/3405583/
3234228,Конструктор LEGO Trolls Праздник в Поп-сити 41255,2639,"['RU-MOW', 'RU-SPE']",4699,https://www.detmir.ru/product/index/id/3234228/
3144098,Конструктор LEGO Creator Робот для подводных исследований 31090,1499,['RU-MOW'],1799,https://www.detmir.ru/product/index/id/3144098/
3596921,Конструктор LEGO City Wildlife 0 60302,5069,"['RU-MOW', 'RU-SPE']",8499,https://www.detmir.ru/product/index/id/3596921/
3596890,Конструктор LEGO City Wildlife Спасательный вездеход для зверей 60300,529,"['RU-MOW', 'RU-SPE']",749,https://www.detmir.ru/product/index/id/3596890/
3405608,Конструктор LEGO Jurassic World Лаборатория доктора Ву: Побег детёнышей динозавра 75939,1799,"['RU-MOW', 'RU-SPE']",-,https://www.detmir.ru/product/index/id/3405608/
3226748,Конструктор LEGO Speed Champions 1985 Audi Sport quattro S1 76897,1699,"['RU-MOW', 'RU-SPE']",1799,https://www.detmir.ru/product/index/id/3226748/
3226593,Конструктор LEGO Creator Грузовик Монстрбургер 31104,2789,"['RU-MOW', 'RU-SPE']",4499,https://www.detmir.ru/product/index/id/3226593/
3596716,Конструктор LEGO DUPLO Super Heroes Штаб-квартира Человека-паука 10940,1649,"['RU-MOW', 'RU-SPE']",2599,https://www.detmir.ru/product/index/id/3596716/
3405528,Конструктор LEGO DUPLO My First Пожарный вертолет и полицейский автомобиль 10957,519,"['RU-MOW', 'RU-SPE']",799,https://www.detmir.ru/product/index/id/3405528/
3405574,Конструктор LEGO Dots Брелок Панда 41930,359,"['RU-MOW', 'RU-SPE']",549,https://www.detmir.ru/product/index/id/3405574/
3596920,Конструктор LEGO City Wildlife Спасательный внедорожник для зверей 60301,2299,"['RU-MOW', 'RU-SPE']",3799,https://www.detmir.ru/product/index/id/3596920/
3405644,Конструктор LEGO Star Wars Мандалорец и малыш 75317,1179,"['RU-MOW', 'RU-SPE']",1799,https://www.detmir.ru/product/index/id/3405644/
3226561,Конструктор LEGO DUPLO Princess Чаепитие у Эльзы и Олафа 10920,1049,"['RU-MOW', 'RU-SPE']",1699,https://www.detmir.ru/product/index/id/3226561/
3758558,Конструктор LEGO Super Mario Фигурки персонажей серия 3 71394,209,"['RU-MOW', 'RU-SPE']",299,https://www.detmir.ru/product/index/id/3758558/
3596972,Конструктор LEGO Ninjago Мотоцикл Кая 71734,559,"['RU-MOW', 'RU-SPE']",799,https://www.detmir.ru/product/index/id/3596972/
3226565,Конструктор LEGO DUPLO Town Киоск-пиццерия 10927,509,"['RU-MOW', 'RU-SPE']",749,https://www.detmir.ru/product/index/id/3226565/
3596822,Конструктор LEGO Dots Подставка для карандашей 41936,1039,"['RU-MOW', 'RU-SPE']",1699,https://www.detmir.ru/product/index/id/3596822/
3244586,Конструктор LEGO Ninjago Летающий корабль Мастера Ву 71705,6699,['RU-MOW'],12499,https://www.detmir.ru/product/index/id/3244586/
3226570,Конструктор LEGO Classic Кубики и домики 11008,1039,"['RU-MOW', 'RU-SPE']",1599,https://www.detmir.ru/product/index/id/3226570/
3596843,Конструктор LEGO Dots Брелок для сумки Единорог 41940,379,"['RU-MOW', 'RU-SPE']",549,https://www.detmir.ru/product/index/id/3596843/
3244527,Конструктор LEGO Dots Браслет Мороженое 41910,499,"['RU-MOW', 'RU-SPE']",549,https://www.detmir.ru/product/index/id/3244527/
3187780,Конструктор LEGO Minecraft Мост ифрита 21154,3699,"['RU-MOW', 'RU-SPE']",-,https://www.detmir.ru/product/index/id/3187780/
3405549,Конструктор LEGO Friends Кинотеатр Хартлейк-Сити 41448,2589,"['RU-MOW', 'RU-SPE']",4499,https://www.detmir.ru/product/index/id/3405549/
3244529,Конструктор LEGO Dots Фоторамки 41914,1109,"['RU-MOW', 'RU-SPE']",1759,https://www.detmir.ru/product/index/id/3244529/
3226712,Конструктор LEGO Ninjago Императорский храм Безумия 71712,4619,['RU-MOW'],6999,https://www.detmir.ru/product/index/id/3226712/
3244584,Конструктор LEGO Ninjago Бой на штормовом истребителе 71703,1609,"['RU-MOW', 'RU-SPE']",2599,https://www.detmir.ru/product/index/id/3244584/
3142023,Конструктор LEGO DUPLO Town Полицейский участок 10902,2199,"['RU-MOW', 'RU-SPE']",2499,https://www.detmir.ru/product/index/id/3142023/
3596974,Конструктор LEGO Ninjago Дар Судьбы Решающая битва 71749,2189,"['RU-MOW', 'RU-SPE']",3599,https://www.detmir.ru/product/index/id/3596974/
3597030,Конструктор LEGO Super Heroes Корабль Стражей 76193,8959,"['RU-MOW', 'RU-SPE']",14799,https://www.detmir.ru/product/index/id/3597030/
3142046,Конструктор LEGO Technic Спасательный вертолет 42092,2299,"['RU-MOW', 'RU-SPE']",2699,https://www.detmir.ru/product/index/id/3142046/
3244545,Конструктор LEGO Minions Невероятная погоня на мотоцикле 75549,1129,"['RU-MOW', 'RU-SPE']",1799,https://www.detmir.ru/product/index/id/3244545/
3596840,Конструктор LEGO DOTS Творческий набор для дизайнера 41938,2189,"['RU-MOW', 'RU-SPE']",3599,https://www.detmir.ru/product/index/id/3596840/
3405607,Конструктор LEGO Super Heroes 76170,1329,"['RU-MOW', 'RU-SPE']",1799,https://www.detmir.ru/product/index/id/3405607/
3405615,Конструктор LEGO Super Mario дополнительный набор ядовитое болото егозы 71383,2119,"['RU-MOW', 'RU-SPE']",3699,https://www.detmir.ru/product/index/id/3405615/
3777569,Конструктор LEGO Friends Новогодний календарь 41690,1999,"['RU-MOW', 'RU-SPE']",-,https://www.detmir.ru/product/index/id/3777569/
3226645,Конструктор LEGO Disney Princess Книга приключений Ариэль 43176,1079,"['RU-MOW', 'RU-SPE']",1699,https://www.detmir.ru/product/index/id/3226645/
3594632,Конструктор LEGO Star Wars Шлем Дарта Вейдера 75304,4659,"['RU-MOW', 'RU-SPE']",6999,https://www.detmir.ru/product/index/id/3594632/
3405611,Конструктор LEGO Jurassic World Велоцираптор: спасение на биплане 75942,2379,"['RU-MOW', 'RU-SPE']",2799,https://www.detmir.ru/product/index/id/3405611/
3226590,Конструктор LEGO Creator Монстр-трак 31101,869,"['RU-MOW', 'RU-SPE']",1399,https://www.detmir.ru/product/index/id/3226590/
3200859,Конструктор LEGO Disney Frozen Дорожные приключения Эльзы 41166,1669,"['RU-MOW', 'RU-SPE']",2599,https://www.detmir.ru/product/index/id/3200859/
3596763,Конструктор LEGO Classic Вокруг света 11015,2609,"['RU-MOW', 'RU-SPE']",4499,https://www.detmir.ru/product/index/id/3596763/
3244482,Конструктор LEGO DUPLO Бэтпещера 10919,1999,"['RU-MOW', 'RU-SPE']",2999,https://www.detmir.ru/product/index/id/3244482/
3244544,Конструктор LEGO Minions Тренировочный полёт 75547,2229,"['RU-MOW', 'RU-SPE']",2999,https://www.detmir.ru/product/index/id/3244544/
3405629,Конструктор LEGO Ninjago Легендарные битвы: Зейн против Ниндроида 71731,749,"['RU-MOW', 'RU-SPE']",799,https://www.detmir.ru/product/index/id/3405629/
3405545,Конструктор LEGO Disney Princess Саламандра Бруни 43186,619,"['RU-MOW', 'RU-SPE']",1099,https://www.detmir.ru/product/index/id/3405545/
3596968,Конструктор LEGO Super Mario Нокдаун резноров 71390,4139,"['RU-MOW', 'RU-SPE']",6499,https://www.detmir.ru/product/index/id/3596968/
3405544,Конструктор LEGO Disney Princess Королевская карета Золушки 43192,2229,"['RU-MOW', 'RU-SPE']",3599,https://www.detmir.ru/product/index/id/3405544/
3596876,Конструктор LEGO Technic Полноприводный грузовик-внедорожник Mercedes-Benz Zetros 42129,15599,['RU-MOW'],25999,https://www.detmir.ru/product/index/id/3596876/
3405581,Конструктор LEGO City Fire Пожарный автомобиль 60279,469,"['RU-MOW', 'RU-SPE']",749,https://www.detmir.ru/product/index/id/3405581/
3405572,Конструктор LEGO Dots Брелок Нарвал 41928,499,"['RU-MOW', 'RU-SPE']",549,https://www.detmir.ru/product/index/id/3405572/
3187779,Конструктор LEGO Minecraft Шерстяная ферма 21153,1539,"['RU-MOW', 'RU-SPE']",1799,https://www.detmir.ru/product/index/id/3187779/
3244573,Конструктор LEGO Super Mario Поки из пустыни 71363,1019,"['RU-MOW', 'RU-SPE']",1799,https://www.detmir.ru/product/index/id/3244573/
3226720,Конструктор LEGO Star Wars Боевой набор Мандалорцы 75267,849,"['RU-MOW', 'RU-SPE']",1399,https://www.detmir.ru/product/index/id/3226720/
3405539,Конструктор LEGO Creator Супербайк 31114,1089,"['RU-MOW', 'RU-SPE']",1799,https://www.detmir.ru/product/index/id/3405539/
3597051,Конструктор LEGO Jurassic World Побег стигимолоха 76939,2659,"['RU-MOW', 'RU-SPE']",3699,https://www.detmir.ru/product/index/id/3597051/
3596774,Конструктор LEGO Friends Кьюб Оливии для игр 41667,449,"['RU-MOW', 'RU-SPE']",749,https://www.detmir.ru/product/index/id/3596774/
3405628,Конструктор LEGO Ninjago Легендарные битвы: Кай против Армии скелетов 71730,639,"['RU-MOW', 'RU-SPE']",799,https://www.detmir.ru/product/index/id/3405628/
3889883,Конструктор LEGO Super Heroes Битва роботов Человек-Паук против Доктора Осьминога 76198,1799,"['RU-MOW', 'RU-SPE']",-,https://www.detmir.ru/product/index/id/3889883/
3018900,Конструктор LEGO Модели на колёсах LEGO Classic (10715),1819,"['RU-MOW', 'RU-SPE']",1999,https://www.detmir.ru/product/index/id/3018900/
3244574,Конструктор LEGO Super Mario Неприятности в крепости Вомпа 71364,1239,"['RU-MOW', 'RU-SPE']",1799,https://www.detmir.ru/product/index/id/3244574/
3244576,Конструктор LEGO Super Mario Огневой налёт Билла-банзай 71366,1439,"['RU-MOW', 'RU-SPE']",2699,https://www.detmir.ru/product/index/id/3244576/
3244605,Конструктор LEGO Star Wars Бронированный штурмовой танк AAT 75283,2599,"['RU-MOW', 'RU-SPE']",3699,https://www.detmir.ru/product/index/id/3244605/
3405543,Конструктор LEGO Disney Princess Праздничный корабль Ариэль 43191,1609,"['RU-MOW', 'RU-SPE']",2599,https://www.detmir.ru/product/index/id/3405543/
3498473,Конструктор LEGO Disney Princess Лодка Буна 43185,2799,"['RU-MOW', 'RU-SPE']",4599,https://www.detmir.ru/product/index/id/3498473/
3405623,Конструктор LEGO Ninjago Морская битва на катамаране 71748,4139,['RU-MOW'],6499,https://www.detmir.ru/product/index/id/3405623/
3226588,Конструктор LEGO Creator Винтовой самолет 31099,579,"['RU-MOW', 'RU-SPE']",899,https://www.detmir.ru/product/index/id/3226588/
3226629,Конструктор LEGO Technic Катамаран 42105,2219,"['RU-MOW', 'RU-SPE']",3699,https://www.detmir.ru/product/index/id/3226629/
3597026,Конструктор LEGO Super Heroes Битва Капитана Америка с Гидрой 76189,549,"['RU-MOW', 'RU-SPE']",899,https://www.detmir.ru/product/index/id/3597026/
3244575,Конструктор LEGO Super Mario Мощная атака Растения-пираньи 71365,1669,"['RU-MOW', 'RU-SPE']",2699,https://www.detmir.ru/product/index/id/3244575/
3226730,Конструктор LEGO Super Heroes Мстители Нападение на грузовик 76143,2079,"['RU-MOW', 'RU-SPE']",3499,https://www.detmir.ru/product/index/id/3226730/
3596796,Конструктор LEGO Friends Волшебный фургон 41688,2609,"['RU-MOW', 'RU-SPE']",4499,https://www.detmir.ru/product/index/id/3596796/
3144089,Конструктор LEGO Classic Базовый набор кубиков 11002,979,"['RU-MOW', 'RU-SPE']",1599,https://www.detmir.ru/product/index/id/3144089/
3889881,Конструктор LEGO Super Heroes Человек-паук в мастерской Санктума 76185,3699,"['RU-MOW', 'RU-SPE']",-,https://www.detmir.ru/product/index/id/3889881/
3405631,Конструктор LEGO Ninjago Легендарные битвы: Коул против Призрачного воина 71733,599,"['RU-MOW', 'RU-SPE']",799,https://www.detmir.ru/product/index/id/3405631/
3475280,Конструктор LEGO Ninjago Дракон Оверлорда 71742,2599,"['RU-MOW', 'RU-SPE']",-,https://www.detmir.ru/product/index/id/3475280/
3334780,Конструктор LEGO Disney Princess Лесной домик Спящей красавицы 43188,2269,"['RU-MOW', 'RU-SPE']",3599,https://www.detmir.ru/product/index/id/3334780/
3594628,Конструктор LEGO Super Heroes Битва в древней деревне 76177,2799,"['RU-MOW', 'RU-SPE']",3699,https://www.detmir.ru/product/index/id/3594628/
3405559,Конструктор LEGO Friends Кьюб Стефани с котёнком 41665,489,"['RU-MOW', 'RU-SPE']",749,https://www.detmir.ru/product/index/id/3405559/
3889882,Конструктор LEGO Super Heroes Дуэль дронов Человека-паука 76195,1799,"['RU-MOW', 'RU-SPE']",-,https://www.detmir.ru/product/index/id/3889882/
3405613,Конструктор LEGO Super Mario дополнительный набор Кусалкин на цепи-встреча в джунглях 71381,1339,"['RU-MOW', 'RU-SPE']",2199,https://www.detmir.ru/product/index/id/3405613/
3596775,Конструктор LEGO Friends Модный кьюб Эммы 41668,449,"['RU-MOW', 'RU-SPE']",749,https://www.detmir.ru/product/index/id/3596775/
3142194,Конструктор LEGO City Great Vehicles Яхта для дайвинга 60221,969,['RU-MOW'],1499,https://www.detmir.ru/product/index/id/3142194/
3405604,Конструктор LEGO DC Super Heroes Бой Человека-паука с Песочным человеком 76172,799,"['RU-MOW', 'RU-SPE']",899,https://www.detmir.ru/product/index/id/3405604/
3244681,Конструктор LEGO Star Wars Шлем штурмовика 75276,3819,"['RU-MOW', 'RU-SPE']",5959,https://www.detmir.ru/product/index/id/3244681/
3226566,Конструктор LEGO DUPLO Town Пекарня 10928,2479,"['RU-MOW', 'RU-SPE']",3399,https://www.detmir.ru/product/index/id/3226566/
619041,Конструктор LEGO Classic Набор для творчества (10692),799,"['RU-MOW', 'RU-SPE']",1299,https://www.detmir.ru/product/index/id/619041/
3244607,Конструктор LEGO Star Wars Истребитель генерала Гривуса 75286,5299,['RU-MOW'],7499,https://www.detmir.ru/product/index/id/3244607/
3226646,Конструктор LEGO Disney Princess Книга приключений Белль 43177,1069,"['RU-MOW', 'RU-SPE']",1699,https://www.detmir.ru/product/index/id/3226646/
3244543,Конструктор LEGO Minions Миньоны в лаборатории Грю 75546,1139,"['RU-MOW', 'RU-SPE']",1799,https://www.detmir.ru/product/index/id/3244543/
3596777,Конструктор LEGO Friends Кьюб для балета Стефани 41670,489,"['RU-MOW', 'RU-SPE']",749,https://www.detmir.ru/product/index/id/3596777/
3405560,Конструктор LEGO Friends Кьюб Андреа с кроликом 41666,459,"['RU-MOW', 'RU-SPE']",749,https://www.detmir.ru/product/index/id/3405560/
3594626,Конструктор LEGO Minifigures Минифигурки Looney Tunes в непрозрачной упаковке (Сюрприз)71030,279,"['RU-MOW', 'RU-SPE']",-,https://www.detmir.ru/product/index/id/3594626/
3244616,Конструктор LEGO Super Heroes Шлем железного человека 76165,4199,"['RU-MOW', 'RU-SPE']",5969,https://www.detmir.ru/product/index/id/3244616/
3620629,Конструктор LEGO Speed Champions Ford GT Heritage Edition and Bronco R 76905,4199,"['RU-MOW', 'RU-SPE']",4699,https://www.detmir.ru/product/index/id/3620629/
3226654,Конструктор LEGO City Fire Лесные пожарные 60247,469,"['RU-MOW', 'RU-SPE']",749,https://www.detmir.ru/product/index/id/3226654/
3596756,Конструктор LEGO DUPLO Town Гоночные машины 10947,2679,"['RU-MOW', 'RU-SPE']",4499,https://www.detmir.ru/product/index/id/3596756/
3498474,Конструктор LEGO Vidiyo Бэндмейты 43101,199,"['RU-MOW', 'RU-SPE']",399,https://www.detmir.ru/product/index/id/3498474/
3244526,Конструктор LEGO Dots Браслет Русалочка 41909,399,"['RU-MOW', 'RU-SPE']",549,https://www.detmir.ru/product/index/id/3244526/
3890017,Конструктор LEGO Super Heroes Бэтмобиль Тумблер схватка с Пугалом 76239,3699,"['RU-MOW', 'RU-SPE']",-,https://www.detmir.ru/product/index/id/3890017/
3599722,Конструктор LEGO VIDIYO Robo HipHop Car (Машина Хип-Хоп Робота) 43112,1509,"['RU-MOW', 'RU-SPE']",2499,https://www.detmir.ru/product/index/id/3599722/
3226708,Конструктор LEGO Ninjago Киберрынок 71708,2999,"['RU-MOW', 'RU-SPE']",-,https://www.detmir.ru/product/index/id/3226708/
3405616,Конструктор LEGO Super Mario набор усилений Марио-пингвин 71384,539,"['RU-MOW', 'RU-SPE']",899,https://www.detmir.ru/product/index/id/3405616/
3596971,Конструктор LEGO Super Mario Марио-пчела 71393,519,"['RU-MOW', 'RU-SPE']",899,https://www.detmir.ru/product/index/id/3596971/
3181587,Конструктор LEGO City Space Port Площадка для сборки и транспорт для перевозки ракеты 60229,10999,"['RU-MOW', 'RU-SPE']",-,https://www.detmir.ru/product/index/id/3181587/
3175844,Конструктор LEGO DUPLO Town Путешествие субмарины 10910,1199,"['RU-MOW', 'RU-SPE']",1599,https://www.detmir.ru/product/index/id/3175844/
3200889,Конструктор LEGO Star Wars Episode IX Диверсионный AT-ST 75254,5499,"['RU-MOW', 'RU-SPE']",-,https://www.detmir.ru/product/index/id/3200889/
3226571,Конструктор LEGO Classic Пластина базовая Белая 11010,379,"['RU-MOW', 'RU-SPE']",599,https://www.detmir.ru/product/index/id/3226571/
3244565,Конструктор LEGO Super Heroes Мобильная база Бэтмена 76160,5179,['RU-MOW'],8499,https://www.detmir.ru/product/index/id/3244565/
3193103,Конструктор LEGO Hidden Side Трюковый грузовик Эль-Фуэго 70421,1999,"['RU-MOW', 'RU-SPE']",2999,https://www.detmir.ru/product/index/id/3193103/
3405630,Конструктор LEGO Ninjago Легендарные битвы: Джей против воина-серпентина 71732,599,"['RU-MOW', 'RU-SPE']",799,https://www.detmir.ru/product/index/id/3405630/
3244530,Конструктор LEGO Dots Шкатулка для драгоценностей 41915,1499,"['RU-MOW', 'RU-SPE']",1699,https://www.detmir.ru/product/index/id/3244530/
3405589,Конструктор LEGO City Great Vehicles Автомобиль для дорожных работ 60284,469,"['RU-MOW', 'RU-SPE']",749,https://www.detmir.ru/product/index/id/3405589/
3018898,Конструктор LEGO Чемоданчик для творчества и конструирования Classic (10713),979,['RU-MOW'],1599,https://www.detmir.ru/product/index/id/3018898/
3596759,Конструктор LEGO DUPLO Town Парк развлечений 10956,6079,"['RU-MOW', 'RU-SPE']",9999,https://www.detmir.ru/product/index/id/3596759/
3234224,Конструктор LEGO Trolls Домик-бутон Розочки 41251,1159,"['RU-MOW', 'RU-SPE']",1799,https://www.detmir.ru/product/index/id/3234224/
3596970,Конструктор LEGO Super Mario Марио-лягушка 71392,539,"['RU-MOW', 'RU-SPE']",899,https://www.detmir.ru/product/index/id/3596970/
3226726,Конструктор LEGO Star Wars Истребитель типа Х По Дамерона 75273,5579,"['RU-MOW', 'RU-SPE']",9499,https://www.detmir.ru/product/index/id/3226726/
3594630,Конструктор LEGO Super Heroes Маска Бэтмена 76182,3789,"['RU-MOW', 'RU-SPE']",5999,https://www.detmir.ru/product/index/id/3594630/
3226697,Конструктор LEGO Hidden Side Пляжный багги Джека 70428,1169,"['RU-MOW', 'RU-SPE']",1699,https://www.detmir.ru/product/index/id/3226697/
3596889,Конструктор LEGO City Stunt 0 60299,1499,"['RU-MOW', 'RU-SPE']",-,https://www.detmir.ru/product/index/id/3596889/
3596881,Конструктор LEGO Disney Princess Замок Белль и Чудовища 43196,4529,"['RU-MOW', 'RU-SPE']",7499,https://www.detmir.ru/product/index/id/3596881/
3498482,Конструктор LEGO Star Wars Истребитель Сопротивления типа X 75297,1169,"['RU-MOW', 'RU-SPE']",1799,https://www.detmir.ru/product/index/id/3498482/
3620627,Конструктор LEGO City Wildlife Лагерь спасения дикой природы 60307,8499,"['RU-MOW', 'RU-SPE']",8999,https://www.detmir.ru/product/index/id/3620627/
3405536,Конструктор LEGO Classic Кубики и колёса 11014,2829,['RU-MOW'],4499,https://www.detmir.ru/product/index/id/3405536/
3144088,Конструктор LEGO Classic Модели из кубиков 11001,579,"['RU-MOW', 'RU-SPE']",799,https://www.detmir.ru/product/index/id/3144088/
3226707,Конструктор LEGO Ninjago Реактивный самолет Кая 71707,1699,"['RU-MOW', 'RU-SPE']",-,https://www.detmir.ru/product/index/id/3226707/
3181584,Конструктор LEGO Friends Экскурсия по Хартлейк-Сити на самолете 41343,1716,"['RU-MOW', 'RU-SPE']",2299,https://www.detmir.ru/product/index/id/3181584/
3498483,Конструктор LEGO Star Wars Микрофайтеры AT-AT против таунтауна 75298,1169,"['RU-MOW', 'RU-SPE']",1799,https://www.detmir.ru/product/index/id/3498483/
3226747,Конструктор LEGO Speed Champions Nissan GT-R NISMO 76896,1699,['RU-MOW'],1799,https://www.detmir.ru/product/index/id/3226747/
3405618,Конструктор LEGO Super Mario фигурки персонажей 71386,299,"['RU-MOW', 'RU-SPE']",-,https://www.detmir.ru/product/index/id/3405618/
3597050,Конструктор LEGO Speed Champions Mopar Dodge//SRT Top Fuel Dragster and 1970 Dodge Challenger T/A 76904,3389,"['RU-MOW', 'RU-SPE']",5499,https://www.detmir.ru/product/index/id/3597050/
3244595,Конструктор LEGO Ninjago Шквал Кружитцу-Ллойд 70687,699,"['RU-MOW', 'RU-SPE']",749,https://www.detmir.ru/product/index/id/3244595/
3142083,Конструктор LEGO City Great Vehicles Мусоровоз 60220,1079,['RU-MOW'],1499,https://www.detmir.ru/product/index/id/3142083/
3234227,Конструктор LEGO Trolls Концерт в городе Рок-на-Вулкане 41254,2169,"['RU-MOW', 'RU-SPE']",3699,https://www.detmir.ru/product/index/id/3234227/
3596818,Конструктор LEGO Dots Большой набор тайлов 41935,1059,"['RU-MOW', 'RU-SPE']",1799,https://www.detmir.ru/product/index/id/3596818/
3122102,Конструктор LEGO Harry Potter Побег Грин-де-Вальда 75951,1839,"['RU-MOW', 'RU-SPE']",2299,https://www.detmir.ru/product/index/id/3122102/
3244580,Конструктор LEGO Super Mario Марио-пожарный 71370,549,"['RU-MOW', 'RU-SPE']",899,https://www.detmir.ru/product/index/id/3244580/
3405566,Конструктор LEGO Dots Браслет Звёздное небо 41934,349,"['RU-MOW', 'RU-SPE']",529,https://www.detmir.ru/product/index/id/3405566/
3018889,Конструктор LEGO Аэропорт DUPLO Town (10871),1579,"['RU-MOW', 'RU-SPE']",1999,https://www.detmir.ru/product/index/id/3018889/
3594634,Конструктор LEGO Star Wars Имперский разведывательный дроид 75306,4689,"['RU-MOW', 'RU-SPE']",6999,https://www.detmir.ru/product/index/id/3594634/
3620628,Конструктор LEGO City Police Операция береговой полиции и пожарных 60308,3399,"['RU-MOW', 'RU-SPE']",3599,https://www.detmir.ru/product/index/id/3620628/
3244582,Конструктор LEGO Super Mario Марио-кот 71372,569,"['RU-MOW', 'RU-SPE']",899,https://www.detmir.ru/product/index/id/3244582/
3594627,Конструктор LEGO Super Heroes Побег от Десяти колец 76176,1629,"['RU-MOW', 'RU-SPE']",2799,https://www.detmir.ru/product/index/id/3594627/
3226666,Конструктор LEGO City Fire Пожарный спасательный вертолет 60248,1269,"['RU-MOW', 'RU-SPE']",1999,https://www.detmir.ru/product/index/id/3226666/
3244593,Конструктор LEGO Ninjago Шквал Кружитцу-Коул 70685,749,"['RU-MOW', 'RU-SPE']",799,https://www.detmir.ru/product/index/id/3244593/
3599725,Конструктор LEGO VIDIYO The Boombox (Бумбокс) 43115,4499,"['RU-MOW', 'RU-SPE']",8999,https://www.detmir.ru/product/index/id/3599725/
3596842,Конструктор LEGO Dots Брелок для сумки Дракон 41939,359,"['RU-MOW', 'RU-SPE']",549,https://www.detmir.ru/product/index/id/3596842/
3234225,Конструктор LEGO Trolls Путешествие Розочки на воздушном шаре 41252,1819,"['RU-MOW', 'RU-SPE']",2999,https://www.detmir.ru/product/index/id/3234225/
3596778,Конструктор LEGO Friends Кьюб Андреа для плавания 41671,439,"['RU-MOW', 'RU-SPE']",749,https://www.detmir.ru/product/index/id/3596778/
3244528,Конструктор LEGO Dots Браслеты Приключения 41918,399,"['RU-MOW', 'RU-SPE']",549,https://www.detmir.ru/product/index/id/3244528/
3599721,Конструктор LEGO VIDIYO Candy Castle Stage (Сцена карамельного замка) 43111,1509,"['RU-MOW', 'RU-SPE']",2499,https://www.detmir.ru/product/index/id/3599721/
3405557,Конструктор LEGO Friends Кьюб Эммы с далматинцем 41663,449,"['RU-MOW', 'RU-SPE']",749,https://www.detmir.ru/product/index/id/3405557/
3226568,Конструктор LEGO Classic Синий 11006,309,"['RU-MOW', 'RU-SPE']",399,https://www.detmir.ru/product/index/id/3226568/
3405640,Конструктор LEGO Star Wars Микрофайтеры Сокол тысячелетия 75295,559,"['RU-MOW', 'RU-SPE']",899,https://www.detmir.ru/product/index/id/3405640/
3405556,Конструктор LEGO Friends Кьюб Оливии с фламинго 41662,449,"['RU-MOW', 'RU-SPE']",749,https://www.detmir.ru/product/index/id/3405556/
3475282,Конструктор LEGO DUPLO Classic Веселый день рождения 10958,4999,"['RU-MOW', 'RU-SPE']",5499,https://www.detmir.ru/product/index/id/3475282/
3142021,Конструктор LEGO DUPLO Town Полицейский мотоцикл 10900,469,"['RU-MOW', 'RU-SPE']",749,https://www.detmir.ru/product/index/id/3142021/
3226725,Конструктор LEGO Star Wars Истребитель Сид ситхов 75272,3829,"['RU-MOW', 'RU-SPE']",6309,https://www.detmir.ru/product/index/id/3226725/
3018899,Конструктор LEGO Синяя базовая пластина Classic (10714),369,"['RU-MOW', 'RU-SPE']",599,https://www.detmir.ru/product/index/id/3018899/
3226724,Конструктор LEGO Star Wars Спидер Люка Сайуокера 75271,1739,"['RU-MOW', 'RU-SPE']",2799,https://www.detmir.ru/product/index/id/3226724/
3405576,Конструктор LEGO Dots Браслет Музыка 41933,419,"['RU-MOW', 'RU-SPE']",499,https://www.detmir.ru/product/index/id/3405576/
3498477,Конструктор LEGO Vidiyo Битбокс Диджея Пришельца 43104,749,"['RU-MOW', 'RU-SPE']",1499,https://www.detmir.ru/product/index/id/3498477/
3405558,Конструктор LEGO Friends Кьюб Мии с мопсом 41664,459,"['RU-MOW', 'RU-SPE']",749,https://www.detmir.ru/product/index/id/3405558/
3239910,Набор для творчества LEGO DOTS Браслет Сверкающий единорог 41902,489,"['RU-MOW', 'RU-SPE']",-,https://www.detmir.ru/product/index/id/3239910/
3175845,Конструктор LEGO DUPLO Town Тропический остров 10906,4799,"['RU-MOW', 'RU-SPE']",-,https://www.detmir.ru/product/index/id/3175845/
3244581,Конструктор LEGO Super Mario Марио-вертолет 71371,689,"['RU-MOW', 'RU-SPE']",899,https://www.detmir.ru/product/index/id/3244581/
3620624,Конструктор LEGO Friends Серферский дом на берегу 41693,6199,"['RU-MOW', 'RU-SPE']",-,https://www.detmir.ru/product/index/id/3620624/
3599723,Конструктор LEGO VIDIYO K-Pawp Concert (Концерт в стиле К-поп) 43113,2399,"['RU-MOW', 'RU-SPE']",4499,https://www.detmir.ru/product/index/id/3599723/
3594633,Конструктор LEGO Star Wars Шлем пехотинца-разведчика 75305,3599,"['RU-MOW', 'RU-SPE']",4999,https://www.detmir.ru/product/index/id/3594633/
3599719,Конструктор LEGO VIDIYO Metal Dragon BeatBox (Битбокс Дракона-Металлиста) 43109,749,"['RU-MOW', 'RU-SPE']",1499,https://www.detmir.ru/product/index/id/3599719/
3226606,Конструктор LEGO Friends Игровая площадка для щенков 41396,519,['RU-MOW'],799,https://www.detmir.ru/product/index/id/3226606/
3405561,Конструктор LEGO Dots Тайлы — серия 3 41921,269,"['RU-MOW', 'RU-SPE']",299,https://www.detmir.ru/product/index/id/3405561/
3144097,Конструктор LEGO Creator Гоночный автомобиль Оранжевый 31089,1619,['RU-MOW'],1799,https://www.detmir.ru/product/index/id/3144097/
3226744,Конструктор LEGO Super Heroes Угрозы Мистерио 76149,2699,"['RU-MOW', 'RU-SPE']",2999,https://www.detmir.ru/product/index/id/3226744/
3596882,Конструктор LEGO Disney Princess Ледяной замок 43197,12999,['RU-MOW'],19699,https://www.detmir.ru/product/index/id/3596882/
3166176,Конструктор LEGO Minifigures Серия Disney 2 71024,199,['RU-MOW'],249,https://www.detmir.ru/product/index/id/3166176/
3596776,Конструктор LEGO Friends Футбольный кьюб Мии 41669,429,"['RU-MOW', 'RU-SPE']",749,https://www.detmir.ru/product/index/id/3596776/
3596877,Конструктор LEGO Technic Бульдозер Cat D11T 42131,40999,"['RU-MOW', 'RU-SPE']",-,https://www.detmir.ru/product/index/id/3596877/
3244583,Конструктор LEGO Super Mario Марио-строитель 71373,749,"['RU-MOW', 'RU-SPE']",899,https://www.detmir.ru/product/index/id/3244583/
3244615,Конструктор LEGO Star Wars TM Шлем Бобы Фетта 75277,3619,"['RU-MOW', 'RU-SPE']",5969,https://www.detmir.ru/product/index/id/3244615/
3596844,Конструктор LEGO Technic Ford F-150 Raptor 42126,9799,['RU-MOW'],13999,https://www.detmir.ru/product/index/id/3596844/
3405597,Конструктор LEGO Super Heroes Засада Девиантов 76154,1499,"['RU-MOW', 'RU-SPE']",-,https://www.detmir.ru/product/index/id/3405597/
3176016,Конструктор LEGO DC Super Heroes Вторжение Глиноликого в бэт-пещеру 76122,7649,"['RU-MOW', 'RU-SPE']",8499,https://www.detmir.ru/product/index/id/3176016/
3498481,Конструктор LEGO Vidiyo Битбокс Хип-Хоп Робота 43107,749,"['RU-MOW', 'RU-SPE']",1499,https://www.detmir.ru/product/index/id/3498481/
3244562,Конструктор LEGO Super Heroes Побег Джокера на трицикле 76159,3239,['RU-MOW'],4699,https://www.detmir.ru/product/index/id/3244562/
3200887,Конструктор LEGO Star Wars Episode IX Звездный истребитель повстанцев типа Y 75249,3899,['RU-MOW'],6499,https://www.detmir.ru/product/index/id/3200887/
3596888,Конструктор LEGO City Stunt 0 60298,599,"['RU-MOW', 'RU-SPE']",-,https://www.detmir.ru/product/index/id/3596888/
3498479,Конструктор LEGO Vidiyo Битбокс Любителя вечеринок Л.Л.А.М.А 43105,749,"['RU-MOW', 'RU-SPE']",1499,https://www.detmir.ru/product/index/id/3498479/
3244594,Конструктор LEGO Ninjago Шквал Кружитцу-Кай 70686,749,"['RU-MOW', 'RU-SPE']",-,https://www.detmir.ru/product/index/id/3244594/
3150691,Конструктор LEGO DUPLO Toy Story Поезд 10894,1619,"['RU-MOW', 'RU-SPE']",1799,https://www.detmir.ru/product/index/id/3150691/
3475284,Конструктор LEGO City Торговая улица 60306,5999,"['RU-MOW', 'RU-SPE']",-,https://www.detmir.ru/product/index/id/3475284/
3475286,Конструктор LEGO Friends Набор кубиков Хартлейк Сити 41431,3599,"['RU-MOW', 'RU-SPE']",-,https://www.detmir.ru/product/index/id/3475286/
3244487,Конструктор LEGO Disney Princess Зимний праздник в замке Белль 43180,3279,"['RU-MOW', 'RU-SPE']",4299,https://www.detmir.ru/product/index/id/3244487/
3405617,Конструктор LEGO Super Mario набор усилений Марио Тануки 71385,539,"['RU-MOW', 'RU-SPE']",899,https://www.detmir.ru/product/index/id/3405617/
3226698,Конструктор LEGO Hidden Side Трюковый самолет Эль-Фуэго 70429,2299,"['RU-MOW', 'RU-SPE']",-,https://www.detmir.ru/product/index/id/3226698/
3405595,Конструктор LEGO Minifigures Минифигурки Серия 21 71029,249,"['RU-MOW', 'RU-SPE']",-,https://www.detmir.ru/product/index/id/3405595/
3244587,Конструктор LEGO Ninjago Путешествие в Подземелье черепа 71717,2599,"['RU-MOW', 'RU-SPE']",-,https://www.detmir.ru/product/index/id/3244587/
3596883,Конструктор LEGO City Парк каскадёров 60293,2499,"['RU-MOW', 'RU-SPE']",-,https://www.detmir.ru/product/index/id/3596883/
3596884,Конструктор LEGO Грузовик для шоу каскадёров 60294,5499,"['RU-MOW', 'RU-SPE']",-,https://www.detmir.ru/product/index/id/3596884/
3405562,Конструктор LEGO Dots Браслет Монстры 41923,399,"['RU-MOW', 'RU-SPE']",529,https://www.detmir.ru/product/index/id/3405562/
3596885,Конструктор LEGO City Арена для шоу каскадёров 60295,8999,"['RU-MOW', 'RU-SPE']",-,https://www.detmir.ru/product/index/id/3596885/
3596887,Конструктор LEGO City Stunt 0 60297,599,"['RU-MOW', 'RU-SPE']",-,https://www.detmir.ru/product/index/id/3596887/
3334781,Конструктор LEGO Minifigures Harry Potter 2 71028,249,"['RU-MOW', 'RU-SPE']",-,https://www.detmir.ru/product/index/id/3334781/
3239911,Набор для творчества LEGO DOTS Браслет Космические чудеса 41903,369,"['RU-MOW', 'RU-SPE']",489,https://www.detmir.ru/product/index/id/3239911/
3596880,Конструктор LEGO Disney Princess Королевская конюшня Белль и Рапунцель 43195,2759,"['RU-MOW', 'RU-SPE']",4599,https://www.detmir.ru/product/index/id/3596880/
3244559,Конструктор LEGO Super Heroes Погоня за Пингвином на Бэткатере 76158,729,"['RU-MOW', 'RU-SPE']",899,https://www.detmir.ru/product/index/id/3244559/
3758561,Конструктор LEGO Super Heroes Капитан Картер и штурмовик Гидры 76201,2799,"['RU-MOW', 'RU-SPE']",-,https://www.detmir.ru/product/index/id/3758561/
3226569,Конструктор LEGO Classic Зеленый 11007,319,"['RU-MOW', 'RU-SPE']",399,https://www.detmir.ru/product/index/id/3226569/
3889880,Конструктор LEGO Super Heroes Человек-паук против атаки дронов Мистерио 76184,1799,"['RU-MOW', 'RU-SPE']",-,https://www.detmir.ru/product/index/id/3889880/
3244618,Конструктор LEGO Dots Браслет молния 41919,369,"['RU-MOW', 'RU-SPE']",499,https://www.detmir.ru/product/index/id/3244618/
3200858,Конструктор LEGO Disney Frozen Экспедиция Анны на каноэ 41165,1139,"['RU-MOW', 'RU-SPE']",1699,https://www.detmir.ru/product/index/id/3200858/
3239830,Набор для творчества LEGO DOTS Браслет Радуга 41900,329,"['RU-MOW', 'RU-SPE']",449,https://www.detmir.ru/product/index/id/3239830/
3239909,Набор для творчества LEGO DOTS Браслет Забавные животные 41901,349,"['RU-MOW', 'RU-SPE']",489,https://www.detmir.ru/product/index/id/3239909/
3237714,Конструктор LEGO Speed Champions Гоночный автомобиль Chevrolet Camaro ZL1 75891,1299,['RU-MOW'],-,https://www.detmir.ru/product/index/id/3237714/
3226696,Конструктор LEGO Hidden Side Добро пожаловать в Hidden Side 70427,1699,['RU-MOW'],-,https://www.detmir.ru/product/index/id/3226696/
3405599,Конструктор LEGO Super Heroes Взлёт Домо 76156,7999,"['RU-MOW', 'RU-SPE']",-,https://www.detmir.ru/product/index/id/3405599/
3156348,Конструктор LEGO 4+ Приключения Базза и Бо Пип на детской площадке 10768,1349,"['RU-MOW', 'RU-SPE']",2199,https://www.detmir.ru/product/index/id/3156348/
3142201,Конструктор LEGO Movie Набор кинорежиссёра 70820,2509,"['RU-MOW', 'RU-SPE']",3799,https://www.detmir.ru/product/index/id/3142201/
3156372,Конструктор LEGO Star Wars Гоночный под Энакина выпуск к 20-летнему юбилею 75258,2299,['RU-MOW'],-,https://www.detmir.ru/product/index/id/3156372/
3620623,Конструктор LEGO Mickey and Friends Ферма Микки и Дональда 10775,2399,"['RU-MOW', 'RU-SPE']",2599,https://www.detmir.ru/product/index/id/3620623/
3599724,Конструктор LEGO VIDIYO Punk Pirate Ship (Корабль Пирата Панка) 43114,3649,"['RU-MOW', 'RU-SPE']",5999,https://www.detmir.ru/product/index/id/3599724/
3200883,Конструктор LEGO Disney Frozen Олаф 41169,899,"['RU-MOW', 'RU-SPE']",1299,https://www.detmir.ru/product/index/id/3200883/
3226702,Конструктор LEGO Minifigures DC Super Heroes Series 71026,199,['RU-MOW'],249,https://www.detmir.ru/product/index/id/3226702/
3596713,Конструктор LEGO Mickey and Friends Магазин мороженого Минни 10773,1599,"['RU-MOW', 'RU-SPE']",-,https://www.detmir.ru/product/index/id/3596713/
3244538,Конструктор LEGO Side Подводная лодка Джей-Би 70433,1699,"['RU-MOW', 'RU-SPE']",-,https://www.detmir.ru/product/index/id/3244538/
3244524,Конструктор LEGO Dots Браслет Чемпионки 41911,449,"['RU-MOW', 'RU-SPE']",499,https://www.detmir.ru/product/index/id/3244524/
3237716,Конструктор LEGO Speed Champions Автомобили 2018 Dodge Challenger SRT Demon+1970 Dodge Charger R/T 75893,3399,"['RU-MOW', 'RU-SPE']",-,https://www.detmir.ru/product/index/id/3237716/
3596714,Конструктор LEGO Mickey and Friends Космическая ракета Микки и Минни 10774,1599,"['RU-MOW', 'RU-SPE']",-,https://www.detmir.ru/product/index/id/3596714/
3498480,Конструктор LEGO Vidiyo Битбокс Диджея Единорога 43106,749,"['RU-MOW', 'RU-SPE']",1499,https://www.detmir.ru/product/index/id/3498480/
3599720,Конструктор LEGO VIDIYO Folk Fairy BeatBox (Битбокс Феи Фолка) 43110,749,"['RU-MOW', 'RU-SPE']",1499,https://www.detmir.ru/product/index/id/3599720/
3596804,Конструктор LEGO DOTS Тайлы DOTS — серия 5 41932,185,"['RU-MOW', 'RU-SPE']",299,https://www.detmir.ru/product/index/id/3596804/
3890015,Конструктор LEGO Super Heroes Святилище II финальная битва 76237,3699,"['RU-MOW', 'RU-SPE']",-,https://www.detmir.ru/product/index/id/3890015/
3498476,Конструктор LEGO Vidiyo Битбокс Пирата Панка 43103,749,"['RU-MOW', 'RU-SPE']",1499,https://www.detmir.ru/product/index/id/3498476/
3234223,Конструктор LEGO Trolls Вечеринка на техно-рифе 41250,1359,"['RU-MOW', 'RU-SPE']",1999,https://www.detmir.ru/product/index/id/3234223/
3226647,Конструктор LEGO Disney Princess Праздник в замке Золушки 43178,2249,"['RU-MOW', 'RU-SPE']",2499,https://www.detmir.ru/product/index/id/3226647/
3405598,Конструктор LEGO Super Heroes Вечные перед лицом Аришема 76155,6499,"['RU-MOW', 'RU-SPE']",-,https://www.detmir.ru/product/index/id/3405598/
3142212,Конструктор LEGO Movie Дом мечты Спасательная ракета Эммета! 70831,2739,"['RU-MOW', 'RU-SPE']",4499,https://www.detmir.ru/product/index/id/3142212/
3239915,Набор для творчества LEGO DOTS дополнительные элементы 109деталей 41908,169,"['RU-MOW', 'RU-SPE']",249,https://www.detmir.ru/product/index/id/3239915/
3498475,Конструктор LEGO Vidiyo Битбокс Карамельной Русалки 43102,749,"['RU-MOW', 'RU-SPE']",1499,https://www.detmir.ru/product/index/id/3498475/
3405575,Конструктор LEGO Dots Тайлы — серия 4 41931,239,"['RU-MOW', 'RU-SPE']",299,https://www.detmir.ru/product/index/id/3405575/
3234226,Конструктор LEGO Trolls Приключение на плоту в Кантри-тауне 41253,1699,"['RU-MOW', 'RU-SPE']",2499,https://www.detmir.ru/product/index/id/3234226/
3142209,Конструктор LEGO Movie Автобус для вечеринки 70828,4619,"['RU-MOW', 'RU-SPE']",6999,https://www.detmir.ru/product/index/id/3142209/
3244617,Конструктор LEGO Dots Браслет волшебный лес 41917,359,"['RU-MOW', 'RU-SPE']",489,https://www.detmir.ru/product/index/id/3244617/
3142014,Конструктор LEGO DUPLO My First Мои первые цирковые животные 10884,999,"['RU-MOW', 'RU-SPE']",1299,https://www.detmir.ru/product/index/id/3142014/
3226723,Конструктор LEGO Star Wars Хижина Оби-Вана Кеноби 75270,2599,['RU-MOW'],2799,https://www.detmir.ru/product/index/id/3226723/
3142211,Конструктор LEGO Movie Падруженский Звездолёт Мими Катавасии 70830,4239,"['RU-MOW', 'RU-SPE']",5299,https://www.detmir.ru/product/index/id/3142211/
3596711,Конструктор LEGO Mickey and Friends Винтовой самолёт Микки 10772,799,"['RU-MOW', 'RU-SPE']",-,https://www.detmir.ru/product/index/id/3596711/
3226721,Конструктор LEGO Star Wars Снежный спидер 75268,1379,"['RU-MOW', 'RU-SPE']",1799,https://www.detmir.ru/product/index/id/3226721/
3405596,Конструктор LEGO Super Heroes Воздушное нападение Вечных 76145,999,"['RU-MOW', 'RU-SPE']",-,https://www.detmir.ru/product/index/id/3405596/
3156360,Конструктор LEGO Star Wars Разрушение генераторов на Хоте 75239,1839,"['RU-MOW', 'RU-SPE']",2299,https://www.detmir.ru/product/index/id/3156360/
3237713,Конструктор LEGO Speed Champions Автомобиль Ferrari F40 Competizione 75890,1299,['RU-MOW'],-,https://www.detmir.ru/product/index/id/3237713/
3244555,Конструктор LEGO Super Heroes Чудо-женщина против Гепарды 76157,2129,"['RU-MOW', 'RU-SPE']",3499,https://www.detmir.ru/product/index/id/3244555/
3144108,Конструктор LEGO Disney Princess Башенка Рапунцель 41163,699,"['RU-MOW', 'RU-SPE']",999,https://www.detmir.ru/product/index/id/3144108/
3226706,Конструктор LEGO Ninjago Скоростной автомобиль Коула 71706,719,['RU-MOW'],799,https://www.detmir.ru/product/index/id/3226706/
3144103,Конструктор LEGO Disney Princess Башенка Жасмин 41158,699,"['RU-MOW', 'RU-SPE']",999,https://www.detmir.ru/product/index/id/3144103/
3200885,Конструктор LEGO Star Wars Пушка Звезды смерти 75246,1299,['RU-MOW'],1699,https://www.detmir.ru/product/index/id/3200885/
3244602,Конструктор LEGO Star Wars Дроид D-O 75278,3869,"['RU-MOW', 'RU-SPE']",6299,https://www.detmir.ru/product/index/id/3244602/
3181586,Конструктор LEGO Star Wars Спасение Люка на планете Хот 75203,2999,"['RU-MOW', 'RU-SPE']",-,https://www.detmir.ru/product/index/id/3181586/
3226699,Конструктор LEGO Hidden Side Метро Ньюбери 70430,2069,"['RU-MOW', 'RU-SPE']",2299,https://www.detmir.ru/product/index/id/3226699/
3104157,Конструктор LEGO Unikitty Машина-облако Юникитти 41451,829,"['RU-MOW', 'RU-SPE']",1099,https://www.detmir.ru/product/index/id/3104157/
3156353,Конструктор LEGO Marvel Super Heroes Капитан Америка Атака Аутрайдеров 76123,1999,"['RU-MOW', 'RU-SPE']",-,https://www.detmir.ru/product/index/id/3156353/
3144090,Конструктор LEGO Classic Кубики и глазки 11003,1499,"['RU-MOW', 'RU-SPE']",2199,https://www.detmir.ru/product/index/id/3144090/
3239916,Набор для творчества LEGO DOTS Браслет Попугайчики 41912,329,"['RU-MOW', 'RU-SPE']",449,https://www.detmir.ru/product/index/id/3239916/
3092814,Конструктор LEGO Friends Шкатулка дружбы 41346,3299,"['RU-MOW', 'RU-SPE']",3799,https://www.detmir.ru/product/index/id/3092814/
3156358,Конструктор LEGO Star Wars Нападение на планету Эндор 75238,1839,"['RU-MOW', 'RU-SPE']",2299,https://www.detmir.ru/product/index/id/3156358/
3226643,Конструктор LEGO Disney Princess Книга приключений Мулан 43174,1439,"['RU-MOW', 'RU-SPE']",1599,https://www.detmir.ru/product/index/id/3226643/
3226719,Конструктор LEGO Star Wars Боевой набор Штурмовики ситхов 75266,1299,['RU-MOW'],-,https://www.detmir.ru/product/index/id/3226719/
3251239,Конструктор LEGO Friends Игровая шкатулка Покупки Андреа 41405,699,"['RU-MOW', 'RU-SPE']",769,https://www.detmir.ru/product/index/id/3251239/
3156347,Конструктор LEGO 4+ Трюковое шоу Дюка Бубумса 10767,1199,"['RU-MOW', 'RU-SPE']",1499,https://www.detmir.ru/product/index/id/3156347/
3244546,Конструктор LEGO Minions Бойцы кунг-фу 75550,2249,['RU-MOW'],3699,https://www.detmir.ru/product/index/id/3244546/
3244548,Конструктор LEGO Minifigures 20 71027,249,"['RU-MOW', 'RU-SPE']",-,https://www.detmir.ru/product/index/id/3244548/
3244523,Конструктор LEGO Dots Тайлы Dots 41916,229,"['RU-MOW', 'RU-SPE']",249,https://www.detmir.ru/product/index/id/3244523/
3226732,Конструктор LEGO Super Heroes Ограбление Стервятника 76147,1799,['RU-MOW'],1999,https://www.detmir.ru/product/index/id/3226732/
3226633,Конструктор LEGO Disney Princess Морские приключения Моаны 43170,669,['RU-MOW'],749,https://www.detmir.ru/product/index/id/3226633/
3226634,Конструктор LEGO Disney Princess Королевская карета Авроры 43173,669,"['RU-MOW', 'RU-SPE']",749,https://www.detmir.ru/product/index/id/3226634/
3104158,Конструктор LEGO Unikitty Велосипед принца Паппикорна 41452,939,"['RU-MOW', 'RU-SPE']",1099,https://www.detmir.ru/product/index/id/3104158/
3226592,Конструктор LEGO Creator Грузовик-ракета 31103,1469,"['RU-MOW', 'RU-SPE']",1799,https://www.detmir.ru/product/index/id/3226592/
3142040,Конструктор LEGO Friends Дом Мии 41369,5499,['RU-MOW'],-,https://www.detmir.ru/product/index/id/3142040/
3142206,Конструктор LEGO Movie Шкатулка королевы Многолики Собери что хочешь 70825,2699,"['RU-MOW', 'RU-SPE']",2999,https://www.detmir.ru/product/index/id/3142206/
